No,Keyword,Kategori Material,Target Intent / Use Case,Target Wilayah
1,pt bumi kutai perkasa,Brand,Brand Navigation,Kukar / Kaltim
2,bumi kutai perkasa,Brand,Brand Navigation,Kukar / Kaltim
3,pt bumi kutai perkasa tenggarong,Brand,Brand Navigation,Kukar / Kaltim
4,pt bumi kutai perkasa sebulu,Brand,Brand Navigation,Kukar / Kaltim
5,pt bumi kutai perkasa dusun jambe,Brand,Brand Navigation,Kukar / Kaltim
6,quarry pt bumi kutai perkasa,Brand,Brand Navigation,Kukar / Kaltim
7,stone crusher pt bumi kutai perkasa,Brand,Brand Navigation,Kukar / Kaltim
8,alamat pt bumi kutai perkasa,Brand,Brand Navigation,Kukar / Kaltim
9,nomor telepon pt bumi kutai perkasa,Brand,Brand Navigation,Kukar / Kaltim
10,whatsapp pt bumi kutai perkasa,Brand,Brand Navigation,Kukar / Kaltim
11,kontak dispatcher pt bumi kutai perkasa,Brand,Brand Navigation,Kukar / Kaltim
12,harga batu split pt bumi kutai perkasa,Brand,Brand Navigation,Kukar / Kaltim
13,katalog produk pt bumi kutai perkasa,Brand,Brand Navigation,Kukar / Kaltim
14,legalitas pt bumi kutai perkasa,Brand,Brand Navigation,Kukar / Kaltim
15,nib pt bumi kutai perkasa,Brand,Brand Navigation,Kukar / Kaltim
16,stockpile pt bumi kutai perkasa,Brand,Brand Navigation,Kukar / Kaltim
17,armada dump truck pt bumi kutai perkasa,Brand,Brand Navigation,Kukar / Kaltim
18,kontrak suplai pt bumi kutai perkasa,Brand,Brand Navigation,Kukar / Kaltim
19,spk pengadaan pt bumi kutai perkasa,Brand,Brand Navigation,Kukar / Kaltim
20,faktur pajak pt bumi kutai perkasa,Brand,Brand Navigation,Kukar / Kaltim
21,jual batu split tenggarong,Batu Split,Komersial / Jual Beli,Tenggarong
22,jual batu split kukar,Batu Split,Komersial / Jual Beli,Kukar
23,jual batu split kutai kartanegara,Batu Split,Komersial / Jual Beli,Kutai Kartanegara
24,jual batu split sebulu,Batu Split,Komersial / Jual Beli,Sebulu
25,jual batu split sanggulan,Batu Split,Komersial / Jual Beli,Sanggulan
26,jual batu split dusun jambe,Batu Split,Komersial / Jual Beli,Dusun Jambe
27,jual batu split sp sebulu,Batu Split,Komersial / Jual Beli,Sp Sebulu
28,jual batu split muara kaman,Batu Split,Komersial / Jual Beli,Muara Kaman
29,jual batu split sp muara kaman,Batu Split,Komersial / Jual Beli,Sp Muara Kaman
30,jual batu split separi,Batu Split,Komersial / Jual Beli,Separi
31,jual batu split l1,Batu Split,Komersial / Jual Beli,L1
32,jual batu split l2,Batu Split,Komersial / Jual Beli,L2
33,jual batu split l3,Batu Split,Komersial / Jual Beli,L3
34,jual batu split tenggarong seberang,Batu Split,Komersial / Jual Beli,Tenggarong Seberang
35,jual batu split loa kulu,Batu Split,Komersial / Jual Beli,Loa Kulu
36,jual batu split loa janan,Batu Split,Komersial / Jual Beli,Loa Janan
37,jual batu split loa duri,Batu Split,Komersial / Jual Beli,Loa Duri
38,jual batu split kota bangun,Batu Split,Komersial / Jual Beli,Kota Bangun
39,jual batu split samboja,Batu Split,Komersial / Jual Beli,Samboja
40,jual batu split muara jawa,Batu Split,Komersial / Jual Beli,Muara Jawa
41,jual batu split sangasanga,Batu Split,Komersial / Jual Beli,Sangasanga
42,jual batu split marangkayu,Batu Split,Komersial / Jual Beli,Marangkayu
43,jual batu split anggana,Batu Split,Komersial / Jual Beli,Anggana
44,jual batu split samarinda,Batu Split,Komersial / Jual Beli,Samarinda
45,jual batu split samarinda seberang,Batu Split,Komersial / Jual Beli,Samarinda Seberang
46,jual batu split palaran,Batu Split,Komersial / Jual Beli,Palaran
47,jual batu split loa bakung,Batu Split,Komersial / Jual Beli,Loa Bakung
48,jual batu split sungai kunjang,Batu Split,Komersial / Jual Beli,Sungai Kunjang
49,jual batu split balikpapan,Batu Split,Komersial / Jual Beli,Balikpapan
50,jual batu split kariangau,Batu Split,Komersial / Jual Beli,Kariangau
51,jual batu split ikn,Batu Split,Komersial / Jual Beli,Ikn
52,jual batu split ikn nusantara,Batu Split,Komersial / Jual Beli,Ikn Nusantara
53,jual batu split sepaku,Batu Split,Komersial / Jual Beli,Sepaku
54,jual batu split penajam,Batu Split,Komersial / Jual Beli,Penajam
55,jual batu split kaltim,Batu Split,Komersial / Jual Beli,Kaltim
56,jual batu split kalimantan timur,Batu Split,Komersial / Jual Beli,Kalimantan Timur
57,jual batu split 1-2 tenggarong,Batu Split 1-2,Komersial / Jual Beli,Tenggarong
58,jual batu split 1-2 kukar,Batu Split 1-2,Komersial / Jual Beli,Kukar
59,jual batu split 1-2 kutai kartanegara,Batu Split 1-2,Komersial / Jual Beli,Kutai Kartanegara
60,jual batu split 1-2 sebulu,Batu Split 1-2,Komersial / Jual Beli,Sebulu
61,jual batu split 1-2 sanggulan,Batu Split 1-2,Komersial / Jual Beli,Sanggulan
62,jual batu split 1-2 dusun jambe,Batu Split 1-2,Komersial / Jual Beli,Dusun Jambe
63,jual batu split 1-2 sp sebulu,Batu Split 1-2,Komersial / Jual Beli,Sp Sebulu
64,jual batu split 1-2 muara kaman,Batu Split 1-2,Komersial / Jual Beli,Muara Kaman
65,jual batu split 1-2 sp muara kaman,Batu Split 1-2,Komersial / Jual Beli,Sp Muara Kaman
66,jual batu split 1-2 separi,Batu Split 1-2,Komersial / Jual Beli,Separi
67,jual batu split 1-2 l1,Batu Split 1-2,Komersial / Jual Beli,L1
68,jual batu split 1-2 l2,Batu Split 1-2,Komersial / Jual Beli,L2
69,jual batu split 1-2 l3,Batu Split 1-2,Komersial / Jual Beli,L3
70,jual batu split 1-2 tenggarong seberang,Batu Split 1-2,Komersial / Jual Beli,Tenggarong Seberang
71,jual batu split 1-2 loa kulu,Batu Split 1-2,Komersial / Jual Beli,Loa Kulu
72,jual batu split 1-2 loa janan,Batu Split 1-2,Komersial / Jual Beli,Loa Janan
73,jual batu split 1-2 loa duri,Batu Split 1-2,Komersial / Jual Beli,Loa Duri
74,jual batu split 1-2 kota bangun,Batu Split 1-2,Komersial / Jual Beli,Kota Bangun
75,jual batu split 1-2 samboja,Batu Split 1-2,Komersial / Jual Beli,Samboja
76,jual batu split 1-2 muara jawa,Batu Split 1-2,Komersial / Jual Beli,Muara Jawa
77,jual batu split 1-2 sangasanga,Batu Split 1-2,Komersial / Jual Beli,Sangasanga
78,jual batu split 1-2 marangkayu,Batu Split 1-2,Komersial / Jual Beli,Marangkayu
79,jual batu split 1-2 anggana,Batu Split 1-2,Komersial / Jual Beli,Anggana
80,jual batu split 1-2 samarinda,Batu Split 1-2,Komersial / Jual Beli,Samarinda
81,jual batu split 1-2 samarinda seberang,Batu Split 1-2,Komersial / Jual Beli,Samarinda Seberang
82,jual batu split 1-2 palaran,Batu Split 1-2,Komersial / Jual Beli,Palaran
83,jual batu split 1-2 loa bakung,Batu Split 1-2,Komersial / Jual Beli,Loa Bakung
84,jual batu split 1-2 sungai kunjang,Batu Split 1-2,Komersial / Jual Beli,Sungai Kunjang
85,jual batu split 1-2 balikpapan,Batu Split 1-2,Komersial / Jual Beli,Balikpapan
86,jual batu split 1-2 kariangau,Batu Split 1-2,Komersial / Jual Beli,Kariangau
87,jual batu split 1-2 ikn,Batu Split 1-2,Komersial / Jual Beli,Ikn
88,jual batu split 1-2 ikn nusantara,Batu Split 1-2,Komersial / Jual Beli,Ikn Nusantara
89,jual batu split 1-2 sepaku,Batu Split 1-2,Komersial / Jual Beli,Sepaku
90,jual batu split 1-2 penajam,Batu Split 1-2,Komersial / Jual Beli,Penajam
91,jual batu split 1-2 kaltim,Batu Split 1-2,Komersial / Jual Beli,Kaltim
92,jual batu split 1-2 kalimantan timur,Batu Split 1-2,Komersial / Jual Beli,Kalimantan Timur
93,jual batu split 2-3 tenggarong,Batu Split 2-3,Komersial / Jual Beli,Tenggarong
94,jual batu split 2-3 kukar,Batu Split 2-3,Komersial / Jual Beli,Kukar
95,jual batu split 2-3 kutai kartanegara,Batu Split 2-3,Komersial / Jual Beli,Kutai Kartanegara
96,jual batu split 2-3 sebulu,Batu Split 2-3,Komersial / Jual Beli,Sebulu
97,jual batu split 2-3 sanggulan,Batu Split 2-3,Komersial / Jual Beli,Sanggulan
98,jual batu split 2-3 dusun jambe,Batu Split 2-3,Komersial / Jual Beli,Dusun Jambe
99,jual batu split 2-3 sp sebulu,Batu Split 2-3,Komersial / Jual Beli,Sp Sebulu
100,jual batu split 2-3 muara kaman,Batu Split 2-3,Komersial / Jual Beli,Muara Kaman
101,jual batu split 2-3 sp muara kaman,Batu Split 2-3,Komersial / Jual Beli,Sp Muara Kaman
102,jual batu split 2-3 separi,Batu Split 2-3,Komersial / Jual Beli,Separi
103,jual batu split 2-3 l1,Batu Split 2-3,Komersial / Jual Beli,L1
104,jual batu split 2-3 l2,Batu Split 2-3,Komersial / Jual Beli,L2
105,jual batu split 2-3 l3,Batu Split 2-3,Komersial / Jual Beli,L3
106,jual batu split 2-3 tenggarong seberang,Batu Split 2-3,Komersial / Jual Beli,Tenggarong Seberang
107,jual batu split 2-3 loa kulu,Batu Split 2-3,Komersial / Jual Beli,Loa Kulu
108,jual batu split 2-3 loa janan,Batu Split 2-3,Komersial / Jual Beli,Loa Janan
109,jual batu split 2-3 loa duri,Batu Split 2-3,Komersial / Jual Beli,Loa Duri
110,jual batu split 2-3 kota bangun,Batu Split 2-3,Komersial / Jual Beli,Kota Bangun
111,jual batu split 2-3 samboja,Batu Split 2-3,Komersial / Jual Beli,Samboja
112,jual batu split 2-3 muara jawa,Batu Split 2-3,Komersial / Jual Beli,Muara Jawa
113,jual batu split 2-3 sangasanga,Batu Split 2-3,Komersial / Jual Beli,Sangasanga
114,jual batu split 2-3 marangkayu,Batu Split 2-3,Komersial / Jual Beli,Marangkayu
115,jual batu split 2-3 anggana,Batu Split 2-3,Komersial / Jual Beli,Anggana
116,jual batu split 2-3 samarinda,Batu Split 2-3,Komersial / Jual Beli,Samarinda
117,jual batu split 2-3 samarinda seberang,Batu Split 2-3,Komersial / Jual Beli,Samarinda Seberang
118,jual batu split 2-3 palaran,Batu Split 2-3,Komersial / Jual Beli,Palaran
119,jual batu split 2-3 loa bakung,Batu Split 2-3,Komersial / Jual Beli,Loa Bakung
120,jual batu split 2-3 sungai kunjang,Batu Split 2-3,Komersial / Jual Beli,Sungai Kunjang
121,jual batu split 2-3 balikpapan,Batu Split 2-3,Komersial / Jual Beli,Balikpapan
122,jual batu split 2-3 kariangau,Batu Split 2-3,Komersial / Jual Beli,Kariangau
123,jual batu split 2-3 ikn,Batu Split 2-3,Komersial / Jual Beli,Ikn
124,jual batu split 2-3 ikn nusantara,Batu Split 2-3,Komersial / Jual Beli,Ikn Nusantara
125,jual batu split 2-3 sepaku,Batu Split 2-3,Komersial / Jual Beli,Sepaku
126,jual batu split 2-3 penajam,Batu Split 2-3,Komersial / Jual Beli,Penajam
127,jual batu split 2-3 kaltim,Batu Split 2-3,Komersial / Jual Beli,Kaltim
128,jual batu split 2-3 kalimantan timur,Batu Split 2-3,Komersial / Jual Beli,Kalimantan Timur
129,jual batu split 1-1 tenggarong,Batu Split 1-1,Komersial / Jual Beli,Tenggarong
130,jual batu split 1-1 kukar,Batu Split 1-1,Komersial / Jual Beli,Kukar
131,jual batu split 1-1 kutai kartanegara,Batu Split 1-1,Komersial / Jual Beli,Kutai Kartanegara
132,jual batu split 1-1 sebulu,Batu Split 1-1,Komersial / Jual Beli,Sebulu
133,jual batu split 1-1 sanggulan,Batu Split 1-1,Komersial / Jual Beli,Sanggulan
134,jual batu split 1-1 dusun jambe,Batu Split 1-1,Komersial / Jual Beli,Dusun Jambe
135,jual batu split 1-1 sp sebulu,Batu Split 1-1,Komersial / Jual Beli,Sp Sebulu
136,jual batu split 1-1 muara kaman,Batu Split 1-1,Komersial / Jual Beli,Muara Kaman
137,jual batu split 1-1 sp muara kaman,Batu Split 1-1,Komersial / Jual Beli,Sp Muara Kaman
138,jual batu split 1-1 separi,Batu Split 1-1,Komersial / Jual Beli,Separi
139,jual batu split 1-1 l1,Batu Split 1-1,Komersial / Jual Beli,L1
140,jual batu split 1-1 l2,Batu Split 1-1,Komersial / Jual Beli,L2
141,jual batu split 1-1 l3,Batu Split 1-1,Komersial / Jual Beli,L3
142,jual batu split 1-1 tenggarong seberang,Batu Split 1-1,Komersial / Jual Beli,Tenggarong Seberang
143,jual batu split 1-1 loa kulu,Batu Split 1-1,Komersial / Jual Beli,Loa Kulu
144,jual batu split 1-1 loa janan,Batu Split 1-1,Komersial / Jual Beli,Loa Janan
145,jual batu split 1-1 loa duri,Batu Split 1-1,Komersial / Jual Beli,Loa Duri
146,jual batu split 1-1 kota bangun,Batu Split 1-1,Komersial / Jual Beli,Kota Bangun
147,jual batu split 1-1 samboja,Batu Split 1-1,Komersial / Jual Beli,Samboja
148,jual batu split 1-1 muara jawa,Batu Split 1-1,Komersial / Jual Beli,Muara Jawa
149,jual batu split 1-1 sangasanga,Batu Split 1-1,Komersial / Jual Beli,Sangasanga
150,jual batu split 1-1 marangkayu,Batu Split 1-1,Komersial / Jual Beli,Marangkayu
151,jual batu split 1-1 anggana,Batu Split 1-1,Komersial / Jual Beli,Anggana
152,jual batu split 1-1 samarinda,Batu Split 1-1,Komersial / Jual Beli,Samarinda
153,jual batu split 1-1 samarinda seberang,Batu Split 1-1,Komersial / Jual Beli,Samarinda Seberang
154,jual batu split 1-1 palaran,Batu Split 1-1,Komersial / Jual Beli,Palaran
155,jual batu split 1-1 loa bakung,Batu Split 1-1,Komersial / Jual Beli,Loa Bakung
156,jual batu split 1-1 sungai kunjang,Batu Split 1-1,Komersial / Jual Beli,Sungai Kunjang
157,jual batu split 1-1 balikpapan,Batu Split 1-1,Komersial / Jual Beli,Balikpapan
158,jual batu split 1-1 kariangau,Batu Split 1-1,Komersial / Jual Beli,Kariangau
159,jual batu split 1-1 ikn,Batu Split 1-1,Komersial / Jual Beli,Ikn
160,jual batu split 1-1 ikn nusantara,Batu Split 1-1,Komersial / Jual Beli,Ikn Nusantara
161,jual batu split 1-1 sepaku,Batu Split 1-1,Komersial / Jual Beli,Sepaku
162,jual batu split 1-1 penajam,Batu Split 1-1,Komersial / Jual Beli,Penajam
163,jual batu split 1-1 kaltim,Batu Split 1-1,Komersial / Jual Beli,Kaltim
164,jual batu split 1-1 kalimantan timur,Batu Split 1-1,Komersial / Jual Beli,Kalimantan Timur
165,jual batu split 3-5 tenggarong,Batu Split 3-5,Komersial / Jual Beli,Tenggarong
166,jual batu split 3-5 kukar,Batu Split 3-5,Komersial / Jual Beli,Kukar
167,jual batu split 3-5 kutai kartanegara,Batu Split 3-5,Komersial / Jual Beli,Kutai Kartanegara
168,jual batu split 3-5 sebulu,Batu Split 3-5,Komersial / Jual Beli,Sebulu
169,jual batu split 3-5 sanggulan,Batu Split 3-5,Komersial / Jual Beli,Sanggulan
170,jual batu split 3-5 dusun jambe,Batu Split 3-5,Komersial / Jual Beli,Dusun Jambe
171,jual batu split 3-5 sp sebulu,Batu Split 3-5,Komersial / Jual Beli,Sp Sebulu
172,jual batu split 3-5 muara kaman,Batu Split 3-5,Komersial / Jual Beli,Muara Kaman
173,jual batu split 3-5 sp muara kaman,Batu Split 3-5,Komersial / Jual Beli,Sp Muara Kaman
174,jual batu split 3-5 separi,Batu Split 3-5,Komersial / Jual Beli,Separi
175,jual batu split 3-5 l1,Batu Split 3-5,Komersial / Jual Beli,L1
176,jual batu split 3-5 l2,Batu Split 3-5,Komersial / Jual Beli,L2
177,jual batu split 3-5 l3,Batu Split 3-5,Komersial / Jual Beli,L3
178,jual batu split 3-5 tenggarong seberang,Batu Split 3-5,Komersial / Jual Beli,Tenggarong Seberang
179,jual batu split 3-5 loa kulu,Batu Split 3-5,Komersial / Jual Beli,Loa Kulu
180,jual batu split 3-5 loa janan,Batu Split 3-5,Komersial / Jual Beli,Loa Janan
181,jual batu split 3-5 loa duri,Batu Split 3-5,Komersial / Jual Beli,Loa Duri
182,jual batu split 3-5 kota bangun,Batu Split 3-5,Komersial / Jual Beli,Kota Bangun
183,jual batu split 3-5 samboja,Batu Split 3-5,Komersial / Jual Beli,Samboja
184,jual batu split 3-5 muara jawa,Batu Split 3-5,Komersial / Jual Beli,Muara Jawa
185,jual batu split 3-5 sangasanga,Batu Split 3-5,Komersial / Jual Beli,Sangasanga
186,jual batu split 3-5 marangkayu,Batu Split 3-5,Komersial / Jual Beli,Marangkayu
187,jual batu split 3-5 anggana,Batu Split 3-5,Komersial / Jual Beli,Anggana
188,jual batu split 3-5 samarinda,Batu Split 3-5,Komersial / Jual Beli,Samarinda
189,jual batu split 3-5 samarinda seberang,Batu Split 3-5,Komersial / Jual Beli,Samarinda Seberang
190,jual batu split 3-5 palaran,Batu Split 3-5,Komersial / Jual Beli,Palaran
191,jual batu split 3-5 loa bakung,Batu Split 3-5,Komersial / Jual Beli,Loa Bakung
192,jual batu split 3-5 sungai kunjang,Batu Split 3-5,Komersial / Jual Beli,Sungai Kunjang
193,jual batu split 3-5 balikpapan,Batu Split 3-5,Komersial / Jual Beli,Balikpapan
194,jual batu split 3-5 kariangau,Batu Split 3-5,Komersial / Jual Beli,Kariangau
195,jual batu split 3-5 ikn,Batu Split 3-5,Komersial / Jual Beli,Ikn
196,jual batu split 3-5 ikn nusantara,Batu Split 3-5,Komersial / Jual Beli,Ikn Nusantara
197,jual batu split 3-5 sepaku,Batu Split 3-5,Komersial / Jual Beli,Sepaku
198,jual batu split 3-5 penajam,Batu Split 3-5,Komersial / Jual Beli,Penajam
199,jual batu split 3-5 kaltim,Batu Split 3-5,Komersial / Jual Beli,Kaltim
200,jual batu split 3-5 kalimantan timur,Batu Split 3-5,Komersial / Jual Beli,Kalimantan Timur
201,jual batu split 5-7 tenggarong,Batu Split 5-7,Komersial / Jual Beli,Tenggarong
202,jual batu split 5-7 kukar,Batu Split 5-7,Komersial / Jual Beli,Kukar
203,jual batu split 5-7 kutai kartanegara,Batu Split 5-7,Komersial / Jual Beli,Kutai Kartanegara
204,jual batu split 5-7 sebulu,Batu Split 5-7,Komersial / Jual Beli,Sebulu
205,jual batu split 5-7 sanggulan,Batu Split 5-7,Komersial / Jual Beli,Sanggulan
206,jual batu split 5-7 dusun jambe,Batu Split 5-7,Komersial / Jual Beli,Dusun Jambe
207,jual batu split 5-7 sp sebulu,Batu Split 5-7,Komersial / Jual Beli,Sp Sebulu
208,jual batu split 5-7 muara kaman,Batu Split 5-7,Komersial / Jual Beli,Muara Kaman
209,jual batu split 5-7 sp muara kaman,Batu Split 5-7,Komersial / Jual Beli,Sp Muara Kaman
210,jual batu split 5-7 separi,Batu Split 5-7,Komersial / Jual Beli,Separi
211,jual batu split 5-7 l1,Batu Split 5-7,Komersial / Jual Beli,L1
212,jual batu split 5-7 l2,Batu Split 5-7,Komersial / Jual Beli,L2
213,jual batu split 5-7 l3,Batu Split 5-7,Komersial / Jual Beli,L3
214,jual batu split 5-7 tenggarong seberang,Batu Split 5-7,Komersial / Jual Beli,Tenggarong Seberang
215,jual batu split 5-7 loa kulu,Batu Split 5-7,Komersial / Jual Beli,Loa Kulu
216,jual batu split 5-7 loa janan,Batu Split 5-7,Komersial / Jual Beli,Loa Janan
217,jual batu split 5-7 loa duri,Batu Split 5-7,Komersial / Jual Beli,Loa Duri
218,jual batu split 5-7 kota bangun,Batu Split 5-7,Komersial / Jual Beli,Kota Bangun
219,jual batu split 5-7 samboja,Batu Split 5-7,Komersial / Jual Beli,Samboja
220,jual batu split 5-7 muara jawa,Batu Split 5-7,Komersial / Jual Beli,Muara Jawa
221,jual batu split 5-7 sangasanga,Batu Split 5-7,Komersial / Jual Beli,Sangasanga
222,jual batu split 5-7 marangkayu,Batu Split 5-7,Komersial / Jual Beli,Marangkayu
223,jual batu split 5-7 anggana,Batu Split 5-7,Komersial / Jual Beli,Anggana
224,jual batu split 5-7 samarinda,Batu Split 5-7,Komersial / Jual Beli,Samarinda
225,jual batu split 5-7 samarinda seberang,Batu Split 5-7,Komersial / Jual Beli,Samarinda Seberang
226,jual batu split 5-7 palaran,Batu Split 5-7,Komersial / Jual Beli,Palaran
227,jual batu split 5-7 loa bakung,Batu Split 5-7,Komersial / Jual Beli,Loa Bakung
228,jual batu split 5-7 sungai kunjang,Batu Split 5-7,Komersial / Jual Beli,Sungai Kunjang
229,jual batu split 5-7 balikpapan,Batu Split 5-7,Komersial / Jual Beli,Balikpapan
230,jual batu split 5-7 kariangau,Batu Split 5-7,Komersial / Jual Beli,Kariangau
231,jual batu split 5-7 ikn,Batu Split 5-7,Komersial / Jual Beli,Ikn
232,jual batu split 5-7 ikn nusantara,Batu Split 5-7,Komersial / Jual Beli,Ikn Nusantara
233,jual batu split 5-7 sepaku,Batu Split 5-7,Komersial / Jual Beli,Sepaku
234,jual batu split 5-7 penajam,Batu Split 5-7,Komersial / Jual Beli,Penajam
235,jual batu split 5-7 kaltim,Batu Split 5-7,Komersial / Jual Beli,Kaltim
236,jual batu split 5-7 kalimantan timur,Batu Split 5-7,Komersial / Jual Beli,Kalimantan Timur
237,jual batu split 7-10 tenggarong,Batu Split 7-10,Komersial / Jual Beli,Tenggarong
238,jual batu split 7-10 kukar,Batu Split 7-10,Komersial / Jual Beli,Kukar
239,jual batu split 7-10 kutai kartanegara,Batu Split 7-10,Komersial / Jual Beli,Kutai Kartanegara
240,jual batu split 7-10 sebulu,Batu Split 7-10,Komersial / Jual Beli,Sebulu
241,jual batu split 7-10 sanggulan,Batu Split 7-10,Komersial / Jual Beli,Sanggulan
242,jual batu split 7-10 dusun jambe,Batu Split 7-10,Komersial / Jual Beli,Dusun Jambe
243,jual batu split 7-10 sp sebulu,Batu Split 7-10,Komersial / Jual Beli,Sp Sebulu
244,jual batu split 7-10 muara kaman,Batu Split 7-10,Komersial / Jual Beli,Muara Kaman
245,jual batu split 7-10 sp muara kaman,Batu Split 7-10,Komersial / Jual Beli,Sp Muara Kaman
246,jual batu split 7-10 separi,Batu Split 7-10,Komersial / Jual Beli,Separi
247,jual batu split 7-10 l1,Batu Split 7-10,Komersial / Jual Beli,L1
248,jual batu split 7-10 l2,Batu Split 7-10,Komersial / Jual Beli,L2
249,jual batu split 7-10 l3,Batu Split 7-10,Komersial / Jual Beli,L3
250,jual batu split 7-10 tenggarong seberang,Batu Split 7-10,Komersial / Jual Beli,Tenggarong Seberang
251,jual batu split 7-10 loa kulu,Batu Split 7-10,Komersial / Jual Beli,Loa Kulu
252,jual batu split 7-10 loa janan,Batu Split 7-10,Komersial / Jual Beli,Loa Janan
253,jual batu split 7-10 loa duri,Batu Split 7-10,Komersial / Jual Beli,Loa Duri
254,jual batu split 7-10 kota bangun,Batu Split 7-10,Komersial / Jual Beli,Kota Bangun
255,jual batu split 7-10 samboja,Batu Split 7-10,Komersial / Jual Beli,Samboja
256,jual batu split 7-10 muara jawa,Batu Split 7-10,Komersial / Jual Beli,Muara Jawa
257,jual batu split 7-10 sangasanga,Batu Split 7-10,Komersial / Jual Beli,Sangasanga
258,jual batu split 7-10 marangkayu,Batu Split 7-10,Komersial / Jual Beli,Marangkayu
259,jual batu split 7-10 anggana,Batu Split 7-10,Komersial / Jual Beli,Anggana
260,jual batu split 7-10 samarinda,Batu Split 7-10,Komersial / Jual Beli,Samarinda
261,jual batu split 7-10 samarinda seberang,Batu Split 7-10,Komersial / Jual Beli,Samarinda Seberang
262,jual batu split 7-10 palaran,Batu Split 7-10,Komersial / Jual Beli,Palaran
263,jual batu split 7-10 loa bakung,Batu Split 7-10,Komersial / Jual Beli,Loa Bakung
264,jual batu split 7-10 sungai kunjang,Batu Split 7-10,Komersial / Jual Beli,Sungai Kunjang
265,jual batu split 7-10 balikpapan,Batu Split 7-10,Komersial / Jual Beli,Balikpapan
266,jual batu split 7-10 kariangau,Batu Split 7-10,Komersial / Jual Beli,Kariangau
267,jual batu split 7-10 ikn,Batu Split 7-10,Komersial / Jual Beli,Ikn
268,jual batu split 7-10 ikn nusantara,Batu Split 7-10,Komersial / Jual Beli,Ikn Nusantara
269,jual batu split 7-10 sepaku,Batu Split 7-10,Komersial / Jual Beli,Sepaku
270,jual batu split 7-10 penajam,Batu Split 7-10,Komersial / Jual Beli,Penajam
271,jual batu split 7-10 kaltim,Batu Split 7-10,Komersial / Jual Beli,Kaltim
272,jual batu split 7-10 kalimantan timur,Batu Split 7-10,Komersial / Jual Beli,Kalimantan Timur
273,jual abu batu tenggarong,Abu Batu,Komersial / Jual Beli,Tenggarong
274,jual abu batu kukar,Abu Batu,Komersial / Jual Beli,Kukar
275,jual abu batu kutai kartanegara,Abu Batu,Komersial / Jual Beli,Kutai Kartanegara
276,jual abu batu sebulu,Abu Batu,Komersial / Jual Beli,Sebulu
277,jual abu batu sanggulan,Abu Batu,Komersial / Jual Beli,Sanggulan
278,jual abu batu dusun jambe,Abu Batu,Komersial / Jual Beli,Dusun Jambe
279,jual abu batu sp sebulu,Abu Batu,Komersial / Jual Beli,Sp Sebulu
280,jual abu batu muara kaman,Abu Batu,Komersial / Jual Beli,Muara Kaman
281,jual abu batu sp muara kaman,Abu Batu,Komersial / Jual Beli,Sp Muara Kaman
282,jual abu batu separi,Abu Batu,Komersial / Jual Beli,Separi
283,jual abu batu l1,Abu Batu,Komersial / Jual Beli,L1
284,jual abu batu l2,Abu Batu,Komersial / Jual Beli,L2
285,jual abu batu l3,Abu Batu,Komersial / Jual Beli,L3
286,jual abu batu tenggarong seberang,Abu Batu,Komersial / Jual Beli,Tenggarong Seberang
287,jual abu batu loa kulu,Abu Batu,Komersial / Jual Beli,Loa Kulu
288,jual abu batu loa janan,Abu Batu,Komersial / Jual Beli,Loa Janan
289,jual abu batu loa duri,Abu Batu,Komersial / Jual Beli,Loa Duri
290,jual abu batu kota bangun,Abu Batu,Komersial / Jual Beli,Kota Bangun
291,jual abu batu samboja,Abu Batu,Komersial / Jual Beli,Samboja
292,jual abu batu muara jawa,Abu Batu,Komersial / Jual Beli,Muara Jawa
293,jual abu batu sangasanga,Abu Batu,Komersial / Jual Beli,Sangasanga
294,jual abu batu marangkayu,Abu Batu,Komersial / Jual Beli,Marangkayu
295,jual abu batu anggana,Abu Batu,Komersial / Jual Beli,Anggana
296,jual abu batu samarinda,Abu Batu,Komersial / Jual Beli,Samarinda
297,jual abu batu samarinda seberang,Abu Batu,Komersial / Jual Beli,Samarinda Seberang
298,jual abu batu palaran,Abu Batu,Komersial / Jual Beli,Palaran
299,jual abu batu loa bakung,Abu Batu,Komersial / Jual Beli,Loa Bakung
300,jual abu batu sungai kunjang,Abu Batu,Komersial / Jual Beli,Sungai Kunjang
301,jual abu batu balikpapan,Abu Batu,Komersial / Jual Beli,Balikpapan
302,jual abu batu kariangau,Abu Batu,Komersial / Jual Beli,Kariangau
303,jual abu batu ikn,Abu Batu,Komersial / Jual Beli,Ikn
304,jual abu batu ikn nusantara,Abu Batu,Komersial / Jual Beli,Ikn Nusantara
305,jual abu batu sepaku,Abu Batu,Komersial / Jual Beli,Sepaku
306,jual abu batu penajam,Abu Batu,Komersial / Jual Beli,Penajam
307,jual abu batu kaltim,Abu Batu,Komersial / Jual Beli,Kaltim
308,jual abu batu kalimantan timur,Abu Batu,Komersial / Jual Beli,Kalimantan Timur
309,jual batu agregat tenggarong,Batu Agregat,Komersial / Jual Beli,Tenggarong
310,jual batu agregat kukar,Batu Agregat,Komersial / Jual Beli,Kukar
311,jual batu agregat kutai kartanegara,Batu Agregat,Komersial / Jual Beli,Kutai Kartanegara
312,jual batu agregat sebulu,Batu Agregat,Komersial / Jual Beli,Sebulu
313,jual batu agregat sanggulan,Batu Agregat,Komersial / Jual Beli,Sanggulan
314,jual batu agregat dusun jambe,Batu Agregat,Komersial / Jual Beli,Dusun Jambe
315,jual batu agregat sp sebulu,Batu Agregat,Komersial / Jual Beli,Sp Sebulu
316,jual batu agregat muara kaman,Batu Agregat,Komersial / Jual Beli,Muara Kaman
317,jual batu agregat sp muara kaman,Batu Agregat,Komersial / Jual Beli,Sp Muara Kaman
318,jual batu agregat separi,Batu Agregat,Komersial / Jual Beli,Separi
319,jual batu agregat l1,Batu Agregat,Komersial / Jual Beli,L1
320,jual batu agregat l2,Batu Agregat,Komersial / Jual Beli,L2
321,jual batu agregat l3,Batu Agregat,Komersial / Jual Beli,L3
322,jual batu agregat tenggarong seberang,Batu Agregat,Komersial / Jual Beli,Tenggarong Seberang
323,jual batu agregat loa kulu,Batu Agregat,Komersial / Jual Beli,Loa Kulu
324,jual batu agregat loa janan,Batu Agregat,Komersial / Jual Beli,Loa Janan
325,jual batu agregat loa duri,Batu Agregat,Komersial / Jual Beli,Loa Duri
326,jual batu agregat kota bangun,Batu Agregat,Komersial / Jual Beli,Kota Bangun
327,jual batu agregat samboja,Batu Agregat,Komersial / Jual Beli,Samboja
328,jual batu agregat muara jawa,Batu Agregat,Komersial / Jual Beli,Muara Jawa
329,jual batu agregat sangasanga,Batu Agregat,Komersial / Jual Beli,Sangasanga
330,jual batu agregat marangkayu,Batu Agregat,Komersial / Jual Beli,Marangkayu
331,jual batu agregat anggana,Batu Agregat,Komersial / Jual Beli,Anggana
332,jual batu agregat samarinda,Batu Agregat,Komersial / Jual Beli,Samarinda
333,jual batu agregat samarinda seberang,Batu Agregat,Komersial / Jual Beli,Samarinda Seberang
334,jual batu agregat palaran,Batu Agregat,Komersial / Jual Beli,Palaran
335,jual batu agregat loa bakung,Batu Agregat,Komersial / Jual Beli,Loa Bakung
336,jual batu agregat sungai kunjang,Batu Agregat,Komersial / Jual Beli,Sungai Kunjang
337,jual batu agregat balikpapan,Batu Agregat,Komersial / Jual Beli,Balikpapan
338,jual batu agregat kariangau,Batu Agregat,Komersial / Jual Beli,Kariangau
339,jual batu agregat ikn,Batu Agregat,Komersial / Jual Beli,Ikn
340,jual batu agregat ikn nusantara,Batu Agregat,Komersial / Jual Beli,Ikn Nusantara
341,jual batu agregat sepaku,Batu Agregat,Komersial / Jual Beli,Sepaku
342,jual batu agregat penajam,Batu Agregat,Komersial / Jual Beli,Penajam
343,jual batu agregat kaltim,Batu Agregat,Komersial / Jual Beli,Kaltim
344,jual batu agregat kalimantan timur,Batu Agregat,Komersial / Jual Beli,Kalimantan Timur
345,jual agregat kelas a tenggarong,Agregat Kelas A,Komersial / Jual Beli,Tenggarong
346,jual agregat kelas a kukar,Agregat Kelas A,Komersial / Jual Beli,Kukar
347,jual agregat kelas a kutai kartanegara,Agregat Kelas A,Komersial / Jual Beli,Kutai Kartanegara
348,jual agregat kelas a sebulu,Agregat Kelas A,Komersial / Jual Beli,Sebulu
349,jual agregat kelas a sanggulan,Agregat Kelas A,Komersial / Jual Beli,Sanggulan
350,jual agregat kelas a dusun jambe,Agregat Kelas A,Komersial / Jual Beli,Dusun Jambe
351,jual agregat kelas a sp sebulu,Agregat Kelas A,Komersial / Jual Beli,Sp Sebulu
352,jual agregat kelas a muara kaman,Agregat Kelas A,Komersial / Jual Beli,Muara Kaman
353,jual agregat kelas a sp muara kaman,Agregat Kelas A,Komersial / Jual Beli,Sp Muara Kaman
354,jual agregat kelas a separi,Agregat Kelas A,Komersial / Jual Beli,Separi
355,jual agregat kelas a l1,Agregat Kelas A,Komersial / Jual Beli,L1
356,jual agregat kelas a l2,Agregat Kelas A,Komersial / Jual Beli,L2
357,jual agregat kelas a l3,Agregat Kelas A,Komersial / Jual Beli,L3
358,jual agregat kelas a tenggarong seberang,Agregat Kelas A,Komersial / Jual Beli,Tenggarong Seberang
359,jual agregat kelas a loa kulu,Agregat Kelas A,Komersial / Jual Beli,Loa Kulu
360,jual agregat kelas a loa janan,Agregat Kelas A,Komersial / Jual Beli,Loa Janan
361,jual agregat kelas a loa duri,Agregat Kelas A,Komersial / Jual Beli,Loa Duri
362,jual agregat kelas a kota bangun,Agregat Kelas A,Komersial / Jual Beli,Kota Bangun
363,jual agregat kelas a samboja,Agregat Kelas A,Komersial / Jual Beli,Samboja
364,jual agregat kelas a muara jawa,Agregat Kelas A,Komersial / Jual Beli,Muara Jawa
365,jual agregat kelas a sangasanga,Agregat Kelas A,Komersial / Jual Beli,Sangasanga
366,jual agregat kelas a marangkayu,Agregat Kelas A,Komersial / Jual Beli,Marangkayu
367,jual agregat kelas a anggana,Agregat Kelas A,Komersial / Jual Beli,Anggana
368,jual agregat kelas a samarinda,Agregat Kelas A,Komersial / Jual Beli,Samarinda
369,jual agregat kelas a samarinda seberang,Agregat Kelas A,Komersial / Jual Beli,Samarinda Seberang
370,jual agregat kelas a palaran,Agregat Kelas A,Komersial / Jual Beli,Palaran
371,jual agregat kelas a loa bakung,Agregat Kelas A,Komersial / Jual Beli,Loa Bakung
372,jual agregat kelas a sungai kunjang,Agregat Kelas A,Komersial / Jual Beli,Sungai Kunjang
373,jual agregat kelas a balikpapan,Agregat Kelas A,Komersial / Jual Beli,Balikpapan
374,jual agregat kelas a kariangau,Agregat Kelas A,Komersial / Jual Beli,Kariangau
375,jual agregat kelas a ikn,Agregat Kelas A,Komersial / Jual Beli,Ikn
376,jual agregat kelas a ikn nusantara,Agregat Kelas A,Komersial / Jual Beli,Ikn Nusantara
377,jual agregat kelas a sepaku,Agregat Kelas A,Komersial / Jual Beli,Sepaku
378,jual agregat kelas a penajam,Agregat Kelas A,Komersial / Jual Beli,Penajam
379,jual agregat kelas a kaltim,Agregat Kelas A,Komersial / Jual Beli,Kaltim
380,jual agregat kelas a kalimantan timur,Agregat Kelas A,Komersial / Jual Beli,Kalimantan Timur
381,jual agregat kelas b tenggarong,Agregat Kelas B,Komersial / Jual Beli,Tenggarong
382,jual agregat kelas b kukar,Agregat Kelas B,Komersial / Jual Beli,Kukar
383,jual agregat kelas b kutai kartanegara,Agregat Kelas B,Komersial / Jual Beli,Kutai Kartanegara
384,jual agregat kelas b sebulu,Agregat Kelas B,Komersial / Jual Beli,Sebulu
385,jual agregat kelas b sanggulan,Agregat Kelas B,Komersial / Jual Beli,Sanggulan
386,jual agregat kelas b dusun jambe,Agregat Kelas B,Komersial / Jual Beli,Dusun Jambe
387,jual agregat kelas b sp sebulu,Agregat Kelas B,Komersial / Jual Beli,Sp Sebulu
388,jual agregat kelas b muara kaman,Agregat Kelas B,Komersial / Jual Beli,Muara Kaman
389,jual agregat kelas b sp muara kaman,Agregat Kelas B,Komersial / Jual Beli,Sp Muara Kaman
390,jual agregat kelas b separi,Agregat Kelas B,Komersial / Jual Beli,Separi
391,jual agregat kelas b l1,Agregat Kelas B,Komersial / Jual Beli,L1
392,jual agregat kelas b l2,Agregat Kelas B,Komersial / Jual Beli,L2
393,jual agregat kelas b l3,Agregat Kelas B,Komersial / Jual Beli,L3
394,jual agregat kelas b tenggarong seberang,Agregat Kelas B,Komersial / Jual Beli,Tenggarong Seberang
395,jual agregat kelas b loa kulu,Agregat Kelas B,Komersial / Jual Beli,Loa Kulu
396,jual agregat kelas b loa janan,Agregat Kelas B,Komersial / Jual Beli,Loa Janan
397,jual agregat kelas b loa duri,Agregat Kelas B,Komersial / Jual Beli,Loa Duri
398,jual agregat kelas b kota bangun,Agregat Kelas B,Komersial / Jual Beli,Kota Bangun
399,jual agregat kelas b samboja,Agregat Kelas B,Komersial / Jual Beli,Samboja
400,jual agregat kelas b muara jawa,Agregat Kelas B,Komersial / Jual Beli,Muara Jawa
401,jual agregat kelas b sangasanga,Agregat Kelas B,Komersial / Jual Beli,Sangasanga
402,jual agregat kelas b marangkayu,Agregat Kelas B,Komersial / Jual Beli,Marangkayu
403,jual agregat kelas b anggana,Agregat Kelas B,Komersial / Jual Beli,Anggana
404,jual agregat kelas b samarinda,Agregat Kelas B,Komersial / Jual Beli,Samarinda
405,jual agregat kelas b samarinda seberang,Agregat Kelas B,Komersial / Jual Beli,Samarinda Seberang
406,jual agregat kelas b palaran,Agregat Kelas B,Komersial / Jual Beli,Palaran
407,jual agregat kelas b loa bakung,Agregat Kelas B,Komersial / Jual Beli,Loa Bakung
408,jual agregat kelas b sungai kunjang,Agregat Kelas B,Komersial / Jual Beli,Sungai Kunjang
409,jual agregat kelas b balikpapan,Agregat Kelas B,Komersial / Jual Beli,Balikpapan
410,jual agregat kelas b kariangau,Agregat Kelas B,Komersial / Jual Beli,Kariangau
411,jual agregat kelas b ikn,Agregat Kelas B,Komersial / Jual Beli,Ikn
412,jual agregat kelas b ikn nusantara,Agregat Kelas B,Komersial / Jual Beli,Ikn Nusantara
413,jual agregat kelas b sepaku,Agregat Kelas B,Komersial / Jual Beli,Sepaku
414,jual agregat kelas b penajam,Agregat Kelas B,Komersial / Jual Beli,Penajam
415,jual agregat kelas b kaltim,Agregat Kelas B,Komersial / Jual Beli,Kaltim
416,jual agregat kelas b kalimantan timur,Agregat Kelas B,Komersial / Jual Beli,Kalimantan Timur
417,jual agregat base course tenggarong,Base Course,Komersial / Jual Beli,Tenggarong
418,jual agregat base course kukar,Base Course,Komersial / Jual Beli,Kukar
419,jual agregat base course kutai kartanegara,Base Course,Komersial / Jual Beli,Kutai Kartanegara
420,jual agregat base course sebulu,Base Course,Komersial / Jual Beli,Sebulu
421,jual agregat base course sanggulan,Base Course,Komersial / Jual Beli,Sanggulan
422,jual agregat base course dusun jambe,Base Course,Komersial / Jual Beli,Dusun Jambe
423,jual agregat base course sp sebulu,Base Course,Komersial / Jual Beli,Sp Sebulu
424,jual agregat base course muara kaman,Base Course,Komersial / Jual Beli,Muara Kaman
425,jual agregat base course sp muara kaman,Base Course,Komersial / Jual Beli,Sp Muara Kaman
426,jual agregat base course separi,Base Course,Komersial / Jual Beli,Separi
427,jual agregat base course l1,Base Course,Komersial / Jual Beli,L1
428,jual agregat base course l2,Base Course,Komersial / Jual Beli,L2
429,jual agregat base course l3,Base Course,Komersial / Jual Beli,L3
430,jual agregat base course tenggarong seberang,Base Course,Komersial / Jual Beli,Tenggarong Seberang
431,jual agregat base course loa kulu,Base Course,Komersial / Jual Beli,Loa Kulu
432,jual agregat base course loa janan,Base Course,Komersial / Jual Beli,Loa Janan
433,jual agregat base course loa duri,Base Course,Komersial / Jual Beli,Loa Duri
434,jual agregat base course kota bangun,Base Course,Komersial / Jual Beli,Kota Bangun
435,jual agregat base course samboja,Base Course,Komersial / Jual Beli,Samboja
436,jual agregat base course muara jawa,Base Course,Komersial / Jual Beli,Muara Jawa
437,jual agregat base course sangasanga,Base Course,Komersial / Jual Beli,Sangasanga
438,jual agregat base course marangkayu,Base Course,Komersial / Jual Beli,Marangkayu
439,jual agregat base course anggana,Base Course,Komersial / Jual Beli,Anggana
440,jual agregat base course samarinda,Base Course,Komersial / Jual Beli,Samarinda
441,jual agregat base course samarinda seberang,Base Course,Komersial / Jual Beli,Samarinda Seberang
442,jual agregat base course palaran,Base Course,Komersial / Jual Beli,Palaran
443,jual agregat base course loa bakung,Base Course,Komersial / Jual Beli,Loa Bakung
444,jual agregat base course sungai kunjang,Base Course,Komersial / Jual Beli,Sungai Kunjang
445,jual agregat base course balikpapan,Base Course,Komersial / Jual Beli,Balikpapan
446,jual agregat base course kariangau,Base Course,Komersial / Jual Beli,Kariangau
447,jual agregat base course ikn,Base Course,Komersial / Jual Beli,Ikn
448,jual agregat base course ikn nusantara,Base Course,Komersial / Jual Beli,Ikn Nusantara
449,jual agregat base course sepaku,Base Course,Komersial / Jual Beli,Sepaku
450,jual agregat base course penajam,Base Course,Komersial / Jual Beli,Penajam
451,jual agregat base course kaltim,Base Course,Komersial / Jual Beli,Kaltim
452,jual agregat base course kalimantan timur,Base Course,Komersial / Jual Beli,Kalimantan Timur
453,jual batu screening tenggarong,Batu Screening,Komersial / Jual Beli,Tenggarong
454,jual batu screening kukar,Batu Screening,Komersial / Jual Beli,Kukar
455,jual batu screening kutai kartanegara,Batu Screening,Komersial / Jual Beli,Kutai Kartanegara
456,jual batu screening sebulu,Batu Screening,Komersial / Jual Beli,Sebulu
457,jual batu screening sanggulan,Batu Screening,Komersial / Jual Beli,Sanggulan
458,jual batu screening dusun jambe,Batu Screening,Komersial / Jual Beli,Dusun Jambe
459,jual batu screening sp sebulu,Batu Screening,Komersial / Jual Beli,Sp Sebulu
460,jual batu screening muara kaman,Batu Screening,Komersial / Jual Beli,Muara Kaman
461,jual batu screening sp muara kaman,Batu Screening,Komersial / Jual Beli,Sp Muara Kaman
462,jual batu screening separi,Batu Screening,Komersial / Jual Beli,Separi
463,jual batu screening l1,Batu Screening,Komersial / Jual Beli,L1
464,jual batu screening l2,Batu Screening,Komersial / Jual Beli,L2
465,jual batu screening l3,Batu Screening,Komersial / Jual Beli,L3
466,jual batu screening tenggarong seberang,Batu Screening,Komersial / Jual Beli,Tenggarong Seberang
467,jual batu screening loa kulu,Batu Screening,Komersial / Jual Beli,Loa Kulu
468,jual batu screening loa janan,Batu Screening,Komersial / Jual Beli,Loa Janan
469,jual batu screening loa duri,Batu Screening,Komersial / Jual Beli,Loa Duri
470,jual batu screening kota bangun,Batu Screening,Komersial / Jual Beli,Kota Bangun
471,jual batu screening samboja,Batu Screening,Komersial / Jual Beli,Samboja
472,jual batu screening muara jawa,Batu Screening,Komersial / Jual Beli,Muara Jawa
473,jual batu screening sangasanga,Batu Screening,Komersial / Jual Beli,Sangasanga
474,jual batu screening marangkayu,Batu Screening,Komersial / Jual Beli,Marangkayu
475,jual batu screening anggana,Batu Screening,Komersial / Jual Beli,Anggana
476,jual batu screening samarinda,Batu Screening,Komersial / Jual Beli,Samarinda
477,jual batu screening samarinda seberang,Batu Screening,Komersial / Jual Beli,Samarinda Seberang
478,jual batu screening palaran,Batu Screening,Komersial / Jual Beli,Palaran
479,jual batu screening loa bakung,Batu Screening,Komersial / Jual Beli,Loa Bakung
480,jual batu screening sungai kunjang,Batu Screening,Komersial / Jual Beli,Sungai Kunjang
481,jual batu screening balikpapan,Batu Screening,Komersial / Jual Beli,Balikpapan
482,jual batu screening kariangau,Batu Screening,Komersial / Jual Beli,Kariangau
483,jual batu screening ikn,Batu Screening,Komersial / Jual Beli,Ikn
484,jual batu screening ikn nusantara,Batu Screening,Komersial / Jual Beli,Ikn Nusantara
485,jual batu screening sepaku,Batu Screening,Komersial / Jual Beli,Sepaku
486,jual batu screening penajam,Batu Screening,Komersial / Jual Beli,Penajam
487,jual batu screening kaltim,Batu Screening,Komersial / Jual Beli,Kaltim
488,jual batu screening kalimantan timur,Batu Screening,Komersial / Jual Beli,Kalimantan Timur
489,jual batu pondasi tenggarong,Batu Pondasi,Komersial / Jual Beli,Tenggarong
490,jual batu pondasi kukar,Batu Pondasi,Komersial / Jual Beli,Kukar
491,jual batu pondasi kutai kartanegara,Batu Pondasi,Komersial / Jual Beli,Kutai Kartanegara
492,jual batu pondasi sebulu,Batu Pondasi,Komersial / Jual Beli,Sebulu
493,jual batu pondasi sanggulan,Batu Pondasi,Komersial / Jual Beli,Sanggulan
494,jual batu pondasi dusun jambe,Batu Pondasi,Komersial / Jual Beli,Dusun Jambe
495,jual batu pondasi sp sebulu,Batu Pondasi,Komersial / Jual Beli,Sp Sebulu
496,jual batu pondasi muara kaman,Batu Pondasi,Komersial / Jual Beli,Muara Kaman
497,jual batu pondasi sp muara kaman,Batu Pondasi,Komersial / Jual Beli,Sp Muara Kaman
498,jual batu pondasi separi,Batu Pondasi,Komersial / Jual Beli,Separi
499,jual batu pondasi l1,Batu Pondasi,Komersial / Jual Beli,L1
500,jual batu pondasi l2,Batu Pondasi,Komersial / Jual Beli,L2
501,jual batu pondasi l3,Batu Pondasi,Komersial / Jual Beli,L3
502,jual batu pondasi tenggarong seberang,Batu Pondasi,Komersial / Jual Beli,Tenggarong Seberang
503,jual batu pondasi loa kulu,Batu Pondasi,Komersial / Jual Beli,Loa Kulu
504,jual batu pondasi loa janan,Batu Pondasi,Komersial / Jual Beli,Loa Janan
505,jual batu pondasi loa duri,Batu Pondasi,Komersial / Jual Beli,Loa Duri
506,jual batu pondasi kota bangun,Batu Pondasi,Komersial / Jual Beli,Kota Bangun
507,jual batu pondasi samboja,Batu Pondasi,Komersial / Jual Beli,Samboja
508,jual batu pondasi muara jawa,Batu Pondasi,Komersial / Jual Beli,Muara Jawa
509,jual batu pondasi sangasanga,Batu Pondasi,Komersial / Jual Beli,Sangasanga
510,jual batu pondasi marangkayu,Batu Pondasi,Komersial / Jual Beli,Marangkayu
511,jual batu pondasi anggana,Batu Pondasi,Komersial / Jual Beli,Anggana
512,jual batu pondasi samarinda,Batu Pondasi,Komersial / Jual Beli,Samarinda
513,jual batu pondasi samarinda seberang,Batu Pondasi,Komersial / Jual Beli,Samarinda Seberang
514,jual batu pondasi palaran,Batu Pondasi,Komersial / Jual Beli,Palaran
515,jual batu pondasi loa bakung,Batu Pondasi,Komersial / Jual Beli,Loa Bakung
516,jual batu pondasi sungai kunjang,Batu Pondasi,Komersial / Jual Beli,Sungai Kunjang
517,jual batu pondasi balikpapan,Batu Pondasi,Komersial / Jual Beli,Balikpapan
518,jual batu pondasi kariangau,Batu Pondasi,Komersial / Jual Beli,Kariangau
519,jual batu pondasi ikn,Batu Pondasi,Komersial / Jual Beli,Ikn
520,jual batu pondasi ikn nusantara,Batu Pondasi,Komersial / Jual Beli,Ikn Nusantara
521,jual batu pondasi sepaku,Batu Pondasi,Komersial / Jual Beli,Sepaku
522,jual batu pondasi penajam,Batu Pondasi,Komersial / Jual Beli,Penajam
523,jual batu pondasi kaltim,Batu Pondasi,Komersial / Jual Beli,Kaltim
524,jual batu pondasi kalimantan timur,Batu Pondasi,Komersial / Jual Beli,Kalimantan Timur
525,jual batu belah gunung tenggarong,Batu Belah,Komersial / Jual Beli,Tenggarong
526,jual batu belah gunung kukar,Batu Belah,Komersial / Jual Beli,Kukar
527,jual batu belah gunung kutai kartanegara,Batu Belah,Komersial / Jual Beli,Kutai Kartanegara
528,jual batu belah gunung sebulu,Batu Belah,Komersial / Jual Beli,Sebulu
529,jual batu belah gunung sanggulan,Batu Belah,Komersial / Jual Beli,Sanggulan
530,jual batu belah gunung dusun jambe,Batu Belah,Komersial / Jual Beli,Dusun Jambe
531,jual batu belah gunung sp sebulu,Batu Belah,Komersial / Jual Beli,Sp Sebulu
532,jual batu belah gunung muara kaman,Batu Belah,Komersial / Jual Beli,Muara Kaman
533,jual batu belah gunung sp muara kaman,Batu Belah,Komersial / Jual Beli,Sp Muara Kaman
534,jual batu belah gunung separi,Batu Belah,Komersial / Jual Beli,Separi
535,jual batu belah gunung l1,Batu Belah,Komersial / Jual Beli,L1
536,jual batu belah gunung l2,Batu Belah,Komersial / Jual Beli,L2
537,jual batu belah gunung l3,Batu Belah,Komersial / Jual Beli,L3
538,jual batu belah gunung tenggarong seberang,Batu Belah,Komersial / Jual Beli,Tenggarong Seberang
539,jual batu belah gunung loa kulu,Batu Belah,Komersial / Jual Beli,Loa Kulu
540,jual batu belah gunung loa janan,Batu Belah,Komersial / Jual Beli,Loa Janan
541,jual batu belah gunung loa duri,Batu Belah,Komersial / Jual Beli,Loa Duri
542,jual batu belah gunung kota bangun,Batu Belah,Komersial / Jual Beli,Kota Bangun
543,jual batu belah gunung samboja,Batu Belah,Komersial / Jual Beli,Samboja
544,jual batu belah gunung muara jawa,Batu Belah,Komersial / Jual Beli,Muara Jawa
545,jual batu belah gunung sangasanga,Batu Belah,Komersial / Jual Beli,Sangasanga
546,jual batu belah gunung marangkayu,Batu Belah,Komersial / Jual Beli,Marangkayu
547,jual batu belah gunung anggana,Batu Belah,Komersial / Jual Beli,Anggana
548,jual batu belah gunung samarinda,Batu Belah,Komersial / Jual Beli,Samarinda
549,jual batu belah gunung samarinda seberang,Batu Belah,Komersial / Jual Beli,Samarinda Seberang
550,jual batu belah gunung palaran,Batu Belah,Komersial / Jual Beli,Palaran
551,jual batu belah gunung loa bakung,Batu Belah,Komersial / Jual Beli,Loa Bakung
552,jual batu belah gunung sungai kunjang,Batu Belah,Komersial / Jual Beli,Sungai Kunjang
553,jual batu belah gunung balikpapan,Batu Belah,Komersial / Jual Beli,Balikpapan
554,jual batu belah gunung kariangau,Batu Belah,Komersial / Jual Beli,Kariangau
555,jual batu belah gunung ikn,Batu Belah,Komersial / Jual Beli,Ikn
556,jual batu belah gunung ikn nusantara,Batu Belah,Komersial / Jual Beli,Ikn Nusantara
557,jual batu belah gunung sepaku,Batu Belah,Komersial / Jual Beli,Sepaku
558,jual batu belah gunung penajam,Batu Belah,Komersial / Jual Beli,Penajam
559,jual batu belah gunung kaltim,Batu Belah,Komersial / Jual Beli,Kaltim
560,jual batu belah gunung kalimantan timur,Batu Belah,Komersial / Jual Beli,Kalimantan Timur
561,jual batu belah tenggarong,Batu Belah,Komersial / Jual Beli,Tenggarong
562,jual batu belah kukar,Batu Belah,Komersial / Jual Beli,Kukar
563,jual batu belah kutai kartanegara,Batu Belah,Komersial / Jual Beli,Kutai Kartanegara
564,jual batu belah sebulu,Batu Belah,Komersial / Jual Beli,Sebulu
565,jual batu belah sanggulan,Batu Belah,Komersial / Jual Beli,Sanggulan
566,jual batu belah dusun jambe,Batu Belah,Komersial / Jual Beli,Dusun Jambe
567,jual batu belah sp sebulu,Batu Belah,Komersial / Jual Beli,Sp Sebulu
568,jual batu belah muara kaman,Batu Belah,Komersial / Jual Beli,Muara Kaman
569,jual batu belah sp muara kaman,Batu Belah,Komersial / Jual Beli,Sp Muara Kaman
570,jual batu belah separi,Batu Belah,Komersial / Jual Beli,Separi
571,jual batu belah l1,Batu Belah,Komersial / Jual Beli,L1
572,jual batu belah l2,Batu Belah,Komersial / Jual Beli,L2
573,jual batu belah l3,Batu Belah,Komersial / Jual Beli,L3
574,jual batu belah tenggarong seberang,Batu Belah,Komersial / Jual Beli,Tenggarong Seberang
575,jual batu belah loa kulu,Batu Belah,Komersial / Jual Beli,Loa Kulu
576,jual batu belah loa janan,Batu Belah,Komersial / Jual Beli,Loa Janan
577,jual batu belah loa duri,Batu Belah,Komersial / Jual Beli,Loa Duri
578,jual batu belah kota bangun,Batu Belah,Komersial / Jual Beli,Kota Bangun
579,jual batu belah samboja,Batu Belah,Komersial / Jual Beli,Samboja
580,jual batu belah muara jawa,Batu Belah,Komersial / Jual Beli,Muara Jawa
581,jual batu belah sangasanga,Batu Belah,Komersial / Jual Beli,Sangasanga
582,jual batu belah marangkayu,Batu Belah,Komersial / Jual Beli,Marangkayu
583,jual batu belah anggana,Batu Belah,Komersial / Jual Beli,Anggana
584,jual batu belah samarinda,Batu Belah,Komersial / Jual Beli,Samarinda
585,jual batu belah samarinda seberang,Batu Belah,Komersial / Jual Beli,Samarinda Seberang
586,jual batu belah palaran,Batu Belah,Komersial / Jual Beli,Palaran
587,jual batu belah loa bakung,Batu Belah,Komersial / Jual Beli,Loa Bakung
588,jual batu belah sungai kunjang,Batu Belah,Komersial / Jual Beli,Sungai Kunjang
589,jual batu belah balikpapan,Batu Belah,Komersial / Jual Beli,Balikpapan
590,jual batu belah kariangau,Batu Belah,Komersial / Jual Beli,Kariangau
591,jual batu belah ikn,Batu Belah,Komersial / Jual Beli,Ikn
592,jual batu belah ikn nusantara,Batu Belah,Komersial / Jual Beli,Ikn Nusantara
593,jual batu belah sepaku,Batu Belah,Komersial / Jual Beli,Sepaku
594,jual batu belah penajam,Batu Belah,Komersial / Jual Beli,Penajam
595,jual batu belah kaltim,Batu Belah,Komersial / Jual Beli,Kaltim
596,jual batu belah kalimantan timur,Batu Belah,Komersial / Jual Beli,Kalimantan Timur
597,jual batu kali belah tenggarong,Batu Belah,Komersial / Jual Beli,Tenggarong
598,jual batu kali belah kukar,Batu Belah,Komersial / Jual Beli,Kukar
599,jual batu kali belah kutai kartanegara,Batu Belah,Komersial / Jual Beli,Kutai Kartanegara
600,jual batu kali belah sebulu,Batu Belah,Komersial / Jual Beli,Sebulu
601,jual batu kali belah sanggulan,Batu Belah,Komersial / Jual Beli,Sanggulan
602,jual batu kali belah dusun jambe,Batu Belah,Komersial / Jual Beli,Dusun Jambe
603,jual batu kali belah sp sebulu,Batu Belah,Komersial / Jual Beli,Sp Sebulu
604,jual batu kali belah muara kaman,Batu Belah,Komersial / Jual Beli,Muara Kaman
605,jual batu kali belah sp muara kaman,Batu Belah,Komersial / Jual Beli,Sp Muara Kaman
606,jual batu kali belah separi,Batu Belah,Komersial / Jual Beli,Separi
607,jual batu kali belah l1,Batu Belah,Komersial / Jual Beli,L1
608,jual batu kali belah l2,Batu Belah,Komersial / Jual Beli,L2
609,jual batu kali belah l3,Batu Belah,Komersial / Jual Beli,L3
610,jual batu kali belah tenggarong seberang,Batu Belah,Komersial / Jual Beli,Tenggarong Seberang
611,jual batu kali belah loa kulu,Batu Belah,Komersial / Jual Beli,Loa Kulu
612,jual batu kali belah loa janan,Batu Belah,Komersial / Jual Beli,Loa Janan
613,jual batu kali belah loa duri,Batu Belah,Komersial / Jual Beli,Loa Duri
614,jual batu kali belah kota bangun,Batu Belah,Komersial / Jual Beli,Kota Bangun
615,jual batu kali belah samboja,Batu Belah,Komersial / Jual Beli,Samboja
616,jual batu kali belah muara jawa,Batu Belah,Komersial / Jual Beli,Muara Jawa
617,jual batu kali belah sangasanga,Batu Belah,Komersial / Jual Beli,Sangasanga
618,jual batu kali belah marangkayu,Batu Belah,Komersial / Jual Beli,Marangkayu
619,jual batu kali belah anggana,Batu Belah,Komersial / Jual Beli,Anggana
620,jual batu kali belah samarinda,Batu Belah,Komersial / Jual Beli,Samarinda
621,jual batu kali belah samarinda seberang,Batu Belah,Komersial / Jual Beli,Samarinda Seberang
622,jual batu kali belah palaran,Batu Belah,Komersial / Jual Beli,Palaran
623,jual batu kali belah loa bakung,Batu Belah,Komersial / Jual Beli,Loa Bakung
624,jual batu kali belah sungai kunjang,Batu Belah,Komersial / Jual Beli,Sungai Kunjang
625,jual batu kali belah balikpapan,Batu Belah,Komersial / Jual Beli,Balikpapan
626,jual batu kali belah kariangau,Batu Belah,Komersial / Jual Beli,Kariangau
627,jual batu kali belah ikn,Batu Belah,Komersial / Jual Beli,Ikn
628,jual batu kali belah ikn nusantara,Batu Belah,Komersial / Jual Beli,Ikn Nusantara
629,jual batu kali belah sepaku,Batu Belah,Komersial / Jual Beli,Sepaku
630,jual batu kali belah penajam,Batu Belah,Komersial / Jual Beli,Penajam
631,jual batu kali belah kaltim,Batu Belah,Komersial / Jual Beli,Kaltim
632,jual batu kali belah kalimantan timur,Batu Belah,Komersial / Jual Beli,Kalimantan Timur
633,jual batu tronjolan tenggarong,Batu Tronjolan,Komersial / Jual Beli,Tenggarong
634,jual batu tronjolan kukar,Batu Tronjolan,Komersial / Jual Beli,Kukar
635,jual batu tronjolan kutai kartanegara,Batu Tronjolan,Komersial / Jual Beli,Kutai Kartanegara
636,jual batu tronjolan sebulu,Batu Tronjolan,Komersial / Jual Beli,Sebulu
637,jual batu tronjolan sanggulan,Batu Tronjolan,Komersial / Jual Beli,Sanggulan
638,jual batu tronjolan dusun jambe,Batu Tronjolan,Komersial / Jual Beli,Dusun Jambe
639,jual batu tronjolan sp sebulu,Batu Tronjolan,Komersial / Jual Beli,Sp Sebulu
640,jual batu tronjolan muara kaman,Batu Tronjolan,Komersial / Jual Beli,Muara Kaman
641,jual batu tronjolan sp muara kaman,Batu Tronjolan,Komersial / Jual Beli,Sp Muara Kaman
642,jual batu tronjolan separi,Batu Tronjolan,Komersial / Jual Beli,Separi
643,jual batu tronjolan l1,Batu Tronjolan,Komersial / Jual Beli,L1
644,jual batu tronjolan l2,Batu Tronjolan,Komersial / Jual Beli,L2
645,jual batu tronjolan l3,Batu Tronjolan,Komersial / Jual Beli,L3
646,jual batu tronjolan tenggarong seberang,Batu Tronjolan,Komersial / Jual Beli,Tenggarong Seberang
647,jual batu tronjolan loa kulu,Batu Tronjolan,Komersial / Jual Beli,Loa Kulu
648,jual batu tronjolan loa janan,Batu Tronjolan,Komersial / Jual Beli,Loa Janan
649,jual batu tronjolan loa duri,Batu Tronjolan,Komersial / Jual Beli,Loa Duri
650,jual batu tronjolan kota bangun,Batu Tronjolan,Komersial / Jual Beli,Kota Bangun
651,jual batu tronjolan samboja,Batu Tronjolan,Komersial / Jual Beli,Samboja
652,jual batu tronjolan muara jawa,Batu Tronjolan,Komersial / Jual Beli,Muara Jawa
653,jual batu tronjolan sangasanga,Batu Tronjolan,Komersial / Jual Beli,Sangasanga
654,jual batu tronjolan marangkayu,Batu Tronjolan,Komersial / Jual Beli,Marangkayu
655,jual batu tronjolan anggana,Batu Tronjolan,Komersial / Jual Beli,Anggana
656,jual batu tronjolan samarinda,Batu Tronjolan,Komersial / Jual Beli,Samarinda
657,jual batu tronjolan samarinda seberang,Batu Tronjolan,Komersial / Jual Beli,Samarinda Seberang
658,jual batu tronjolan palaran,Batu Tronjolan,Komersial / Jual Beli,Palaran
659,jual batu tronjolan loa bakung,Batu Tronjolan,Komersial / Jual Beli,Loa Bakung
660,jual batu tronjolan sungai kunjang,Batu Tronjolan,Komersial / Jual Beli,Sungai Kunjang
661,jual batu tronjolan balikpapan,Batu Tronjolan,Komersial / Jual Beli,Balikpapan
662,jual batu tronjolan kariangau,Batu Tronjolan,Komersial / Jual Beli,Kariangau
663,jual batu tronjolan ikn,Batu Tronjolan,Komersial / Jual Beli,Ikn
664,jual batu tronjolan ikn nusantara,Batu Tronjolan,Komersial / Jual Beli,Ikn Nusantara
665,jual batu tronjolan sepaku,Batu Tronjolan,Komersial / Jual Beli,Sepaku
666,jual batu tronjolan penajam,Batu Tronjolan,Komersial / Jual Beli,Penajam
667,jual batu tronjolan kaltim,Batu Tronjolan,Komersial / Jual Beli,Kaltim
668,jual batu tronjolan kalimantan timur,Batu Tronjolan,Komersial / Jual Beli,Kalimantan Timur
669,jual batu rip rap tenggarong,Batu Tronjolan,Komersial / Jual Beli,Tenggarong
670,jual batu rip rap kukar,Batu Tronjolan,Komersial / Jual Beli,Kukar
671,jual batu rip rap kutai kartanegara,Batu Tronjolan,Komersial / Jual Beli,Kutai Kartanegara
672,jual batu rip rap sebulu,Batu Tronjolan,Komersial / Jual Beli,Sebulu
673,jual batu rip rap sanggulan,Batu Tronjolan,Komersial / Jual Beli,Sanggulan
674,jual batu rip rap dusun jambe,Batu Tronjolan,Komersial / Jual Beli,Dusun Jambe
675,jual batu rip rap sp sebulu,Batu Tronjolan,Komersial / Jual Beli,Sp Sebulu
676,jual batu rip rap muara kaman,Batu Tronjolan,Komersial / Jual Beli,Muara Kaman
677,jual batu rip rap sp muara kaman,Batu Tronjolan,Komersial / Jual Beli,Sp Muara Kaman
678,jual batu rip rap separi,Batu Tronjolan,Komersial / Jual Beli,Separi
679,jual batu rip rap l1,Batu Tronjolan,Komersial / Jual Beli,L1
680,jual batu rip rap l2,Batu Tronjolan,Komersial / Jual Beli,L2
681,jual batu rip rap l3,Batu Tronjolan,Komersial / Jual Beli,L3
682,jual batu rip rap tenggarong seberang,Batu Tronjolan,Komersial / Jual Beli,Tenggarong Seberang
683,jual batu rip rap loa kulu,Batu Tronjolan,Komersial / Jual Beli,Loa Kulu
684,jual batu rip rap loa janan,Batu Tronjolan,Komersial / Jual Beli,Loa Janan
685,jual batu rip rap loa duri,Batu Tronjolan,Komersial / Jual Beli,Loa Duri
686,jual batu rip rap kota bangun,Batu Tronjolan,Komersial / Jual Beli,Kota Bangun
687,jual batu rip rap samboja,Batu Tronjolan,Komersial / Jual Beli,Samboja
688,jual batu rip rap muara jawa,Batu Tronjolan,Komersial / Jual Beli,Muara Jawa
689,jual batu rip rap sangasanga,Batu Tronjolan,Komersial / Jual Beli,Sangasanga
690,jual batu rip rap marangkayu,Batu Tronjolan,Komersial / Jual Beli,Marangkayu
691,jual batu rip rap anggana,Batu Tronjolan,Komersial / Jual Beli,Anggana
692,jual batu rip rap samarinda,Batu Tronjolan,Komersial / Jual Beli,Samarinda
693,jual batu rip rap samarinda seberang,Batu Tronjolan,Komersial / Jual Beli,Samarinda Seberang
694,jual batu rip rap palaran,Batu Tronjolan,Komersial / Jual Beli,Palaran
695,jual batu rip rap loa bakung,Batu Tronjolan,Komersial / Jual Beli,Loa Bakung
696,jual batu rip rap sungai kunjang,Batu Tronjolan,Komersial / Jual Beli,Sungai Kunjang
697,jual batu rip rap balikpapan,Batu Tronjolan,Komersial / Jual Beli,Balikpapan
698,jual batu rip rap kariangau,Batu Tronjolan,Komersial / Jual Beli,Kariangau
699,jual batu rip rap ikn,Batu Tronjolan,Komersial / Jual Beli,Ikn
700,jual batu rip rap ikn nusantara,Batu Tronjolan,Komersial / Jual Beli,Ikn Nusantara
701,jual batu rip rap sepaku,Batu Tronjolan,Komersial / Jual Beli,Sepaku
702,jual batu rip rap penajam,Batu Tronjolan,Komersial / Jual Beli,Penajam
703,jual batu rip rap kaltim,Batu Tronjolan,Komersial / Jual Beli,Kaltim
704,jual batu rip rap kalimantan timur,Batu Tronjolan,Komersial / Jual Beli,Kalimantan Timur
705,jual batu boulder tenggarong,Batu Tronjolan,Komersial / Jual Beli,Tenggarong
706,jual batu boulder kukar,Batu Tronjolan,Komersial / Jual Beli,Kukar
707,jual batu boulder kutai kartanegara,Batu Tronjolan,Komersial / Jual Beli,Kutai Kartanegara
708,jual batu boulder sebulu,Batu Tronjolan,Komersial / Jual Beli,Sebulu
709,jual batu boulder sanggulan,Batu Tronjolan,Komersial / Jual Beli,Sanggulan
710,jual batu boulder dusun jambe,Batu Tronjolan,Komersial / Jual Beli,Dusun Jambe
711,jual batu boulder sp sebulu,Batu Tronjolan,Komersial / Jual Beli,Sp Sebulu
712,jual batu boulder muara kaman,Batu Tronjolan,Komersial / Jual Beli,Muara Kaman
713,jual batu boulder sp muara kaman,Batu Tronjolan,Komersial / Jual Beli,Sp Muara Kaman
714,jual batu boulder separi,Batu Tronjolan,Komersial / Jual Beli,Separi
715,jual batu boulder l1,Batu Tronjolan,Komersial / Jual Beli,L1
716,jual batu boulder l2,Batu Tronjolan,Komersial / Jual Beli,L2
717,jual batu boulder l3,Batu Tronjolan,Komersial / Jual Beli,L3
718,jual batu boulder tenggarong seberang,Batu Tronjolan,Komersial / Jual Beli,Tenggarong Seberang
719,jual batu boulder loa kulu,Batu Tronjolan,Komersial / Jual Beli,Loa Kulu
720,jual batu boulder loa janan,Batu Tronjolan,Komersial / Jual Beli,Loa Janan
721,jual batu boulder loa duri,Batu Tronjolan,Komersial / Jual Beli,Loa Duri
722,jual batu boulder kota bangun,Batu Tronjolan,Komersial / Jual Beli,Kota Bangun
723,jual batu boulder samboja,Batu Tronjolan,Komersial / Jual Beli,Samboja
724,jual batu boulder muara jawa,Batu Tronjolan,Komersial / Jual Beli,Muara Jawa
725,jual batu boulder sangasanga,Batu Tronjolan,Komersial / Jual Beli,Sangasanga
726,jual batu boulder marangkayu,Batu Tronjolan,Komersial / Jual Beli,Marangkayu
727,jual batu boulder anggana,Batu Tronjolan,Komersial / Jual Beli,Anggana
728,jual batu boulder samarinda,Batu Tronjolan,Komersial / Jual Beli,Samarinda
729,jual batu boulder samarinda seberang,Batu Tronjolan,Komersial / Jual Beli,Samarinda Seberang
730,jual batu boulder palaran,Batu Tronjolan,Komersial / Jual Beli,Palaran
731,jual batu boulder loa bakung,Batu Tronjolan,Komersial / Jual Beli,Loa Bakung
732,jual batu boulder sungai kunjang,Batu Tronjolan,Komersial / Jual Beli,Sungai Kunjang
733,jual batu boulder balikpapan,Batu Tronjolan,Komersial / Jual Beli,Balikpapan
734,jual batu boulder kariangau,Batu Tronjolan,Komersial / Jual Beli,Kariangau
735,jual batu boulder ikn,Batu Tronjolan,Komersial / Jual Beli,Ikn
736,jual batu boulder ikn nusantara,Batu Tronjolan,Komersial / Jual Beli,Ikn Nusantara
737,jual batu boulder sepaku,Batu Tronjolan,Komersial / Jual Beli,Sepaku
738,jual batu boulder penajam,Batu Tronjolan,Komersial / Jual Beli,Penajam
739,jual batu boulder kaltim,Batu Tronjolan,Komersial / Jual Beli,Kaltim
740,jual batu boulder kalimantan timur,Batu Tronjolan,Komersial / Jual Beli,Kalimantan Timur
741,beli batu split tenggarong,Batu Split,Komersial / Jual Beli,Tenggarong
742,beli batu split kukar,Batu Split,Komersial / Jual Beli,Kukar
743,beli batu split kutai kartanegara,Batu Split,Komersial / Jual Beli,Kutai Kartanegara
744,beli batu split sebulu,Batu Split,Komersial / Jual Beli,Sebulu
745,beli batu split sanggulan,Batu Split,Komersial / Jual Beli,Sanggulan
746,beli batu split dusun jambe,Batu Split,Komersial / Jual Beli,Dusun Jambe
747,beli batu split sp sebulu,Batu Split,Komersial / Jual Beli,Sp Sebulu
748,beli batu split muara kaman,Batu Split,Komersial / Jual Beli,Muara Kaman
749,beli batu split sp muara kaman,Batu Split,Komersial / Jual Beli,Sp Muara Kaman
750,beli batu split separi,Batu Split,Komersial / Jual Beli,Separi
751,beli batu split l1,Batu Split,Komersial / Jual Beli,L1
752,beli batu split l2,Batu Split,Komersial / Jual Beli,L2
753,beli batu split l3,Batu Split,Komersial / Jual Beli,L3
754,beli batu split tenggarong seberang,Batu Split,Komersial / Jual Beli,Tenggarong Seberang
755,beli batu split loa kulu,Batu Split,Komersial / Jual Beli,Loa Kulu
756,beli batu split loa janan,Batu Split,Komersial / Jual Beli,Loa Janan
757,beli batu split loa duri,Batu Split,Komersial / Jual Beli,Loa Duri
758,beli batu split kota bangun,Batu Split,Komersial / Jual Beli,Kota Bangun
759,beli batu split samboja,Batu Split,Komersial / Jual Beli,Samboja
760,beli batu split muara jawa,Batu Split,Komersial / Jual Beli,Muara Jawa
761,beli batu split sangasanga,Batu Split,Komersial / Jual Beli,Sangasanga
762,beli batu split marangkayu,Batu Split,Komersial / Jual Beli,Marangkayu
763,beli batu split anggana,Batu Split,Komersial / Jual Beli,Anggana
764,beli batu split samarinda,Batu Split,Komersial / Jual Beli,Samarinda
765,beli batu split samarinda seberang,Batu Split,Komersial / Jual Beli,Samarinda Seberang
766,beli batu split palaran,Batu Split,Komersial / Jual Beli,Palaran
767,beli batu split loa bakung,Batu Split,Komersial / Jual Beli,Loa Bakung
768,beli batu split sungai kunjang,Batu Split,Komersial / Jual Beli,Sungai Kunjang
769,beli batu split balikpapan,Batu Split,Komersial / Jual Beli,Balikpapan
770,beli batu split kariangau,Batu Split,Komersial / Jual Beli,Kariangau
771,beli batu split ikn,Batu Split,Komersial / Jual Beli,Ikn
772,beli batu split ikn nusantara,Batu Split,Komersial / Jual Beli,Ikn Nusantara
773,beli batu split sepaku,Batu Split,Komersial / Jual Beli,Sepaku
774,beli batu split penajam,Batu Split,Komersial / Jual Beli,Penajam
775,beli batu split kaltim,Batu Split,Komersial / Jual Beli,Kaltim
776,beli batu split kalimantan timur,Batu Split,Komersial / Jual Beli,Kalimantan Timur
777,beli batu split 1-2 tenggarong,Batu Split 1-2,Komersial / Jual Beli,Tenggarong
778,beli batu split 1-2 kukar,Batu Split 1-2,Komersial / Jual Beli,Kukar
779,beli batu split 1-2 kutai kartanegara,Batu Split 1-2,Komersial / Jual Beli,Kutai Kartanegara
780,beli batu split 1-2 sebulu,Batu Split 1-2,Komersial / Jual Beli,Sebulu
781,beli batu split 1-2 sanggulan,Batu Split 1-2,Komersial / Jual Beli,Sanggulan
782,beli batu split 1-2 dusun jambe,Batu Split 1-2,Komersial / Jual Beli,Dusun Jambe
783,beli batu split 1-2 sp sebulu,Batu Split 1-2,Komersial / Jual Beli,Sp Sebulu
784,beli batu split 1-2 muara kaman,Batu Split 1-2,Komersial / Jual Beli,Muara Kaman
785,beli batu split 1-2 sp muara kaman,Batu Split 1-2,Komersial / Jual Beli,Sp Muara Kaman
786,beli batu split 1-2 separi,Batu Split 1-2,Komersial / Jual Beli,Separi
787,beli batu split 1-2 l1,Batu Split 1-2,Komersial / Jual Beli,L1
788,beli batu split 1-2 l2,Batu Split 1-2,Komersial / Jual Beli,L2
789,beli batu split 1-2 l3,Batu Split 1-2,Komersial / Jual Beli,L3
790,beli batu split 1-2 tenggarong seberang,Batu Split 1-2,Komersial / Jual Beli,Tenggarong Seberang
791,beli batu split 1-2 loa kulu,Batu Split 1-2,Komersial / Jual Beli,Loa Kulu
792,beli batu split 1-2 loa janan,Batu Split 1-2,Komersial / Jual Beli,Loa Janan
793,beli batu split 1-2 loa duri,Batu Split 1-2,Komersial / Jual Beli,Loa Duri
794,beli batu split 1-2 kota bangun,Batu Split 1-2,Komersial / Jual Beli,Kota Bangun
795,beli batu split 1-2 samboja,Batu Split 1-2,Komersial / Jual Beli,Samboja
796,beli batu split 1-2 muara jawa,Batu Split 1-2,Komersial / Jual Beli,Muara Jawa
797,beli batu split 1-2 sangasanga,Batu Split 1-2,Komersial / Jual Beli,Sangasanga
798,beli batu split 1-2 marangkayu,Batu Split 1-2,Komersial / Jual Beli,Marangkayu
799,beli batu split 1-2 anggana,Batu Split 1-2,Komersial / Jual Beli,Anggana
800,beli batu split 1-2 samarinda,Batu Split 1-2,Komersial / Jual Beli,Samarinda
801,beli batu split 1-2 samarinda seberang,Batu Split 1-2,Komersial / Jual Beli,Samarinda Seberang
802,beli batu split 1-2 palaran,Batu Split 1-2,Komersial / Jual Beli,Palaran
803,beli batu split 1-2 loa bakung,Batu Split 1-2,Komersial / Jual Beli,Loa Bakung
804,beli batu split 1-2 sungai kunjang,Batu Split 1-2,Komersial / Jual Beli,Sungai Kunjang
805,beli batu split 1-2 balikpapan,Batu Split 1-2,Komersial / Jual Beli,Balikpapan
806,beli batu split 1-2 kariangau,Batu Split 1-2,Komersial / Jual Beli,Kariangau
807,beli batu split 1-2 ikn,Batu Split 1-2,Komersial / Jual Beli,Ikn
808,beli batu split 1-2 ikn nusantara,Batu Split 1-2,Komersial / Jual Beli,Ikn Nusantara
809,beli batu split 1-2 sepaku,Batu Split 1-2,Komersial / Jual Beli,Sepaku
810,beli batu split 1-2 penajam,Batu Split 1-2,Komersial / Jual Beli,Penajam
811,beli batu split 1-2 kaltim,Batu Split 1-2,Komersial / Jual Beli,Kaltim
812,beli batu split 1-2 kalimantan timur,Batu Split 1-2,Komersial / Jual Beli,Kalimantan Timur
813,beli batu split 2-3 tenggarong,Batu Split 2-3,Komersial / Jual Beli,Tenggarong
814,beli batu split 2-3 kukar,Batu Split 2-3,Komersial / Jual Beli,Kukar
815,beli batu split 2-3 kutai kartanegara,Batu Split 2-3,Komersial / Jual Beli,Kutai Kartanegara
816,beli batu split 2-3 sebulu,Batu Split 2-3,Komersial / Jual Beli,Sebulu
817,beli batu split 2-3 sanggulan,Batu Split 2-3,Komersial / Jual Beli,Sanggulan
818,beli batu split 2-3 dusun jambe,Batu Split 2-3,Komersial / Jual Beli,Dusun Jambe
819,beli batu split 2-3 sp sebulu,Batu Split 2-3,Komersial / Jual Beli,Sp Sebulu
820,beli batu split 2-3 muara kaman,Batu Split 2-3,Komersial / Jual Beli,Muara Kaman
821,beli batu split 2-3 sp muara kaman,Batu Split 2-3,Komersial / Jual Beli,Sp Muara Kaman
822,beli batu split 2-3 separi,Batu Split 2-3,Komersial / Jual Beli,Separi
823,beli batu split 2-3 l1,Batu Split 2-3,Komersial / Jual Beli,L1
824,beli batu split 2-3 l2,Batu Split 2-3,Komersial / Jual Beli,L2
825,beli batu split 2-3 l3,Batu Split 2-3,Komersial / Jual Beli,L3
826,beli batu split 2-3 tenggarong seberang,Batu Split 2-3,Komersial / Jual Beli,Tenggarong Seberang
827,beli batu split 2-3 loa kulu,Batu Split 2-3,Komersial / Jual Beli,Loa Kulu
828,beli batu split 2-3 loa janan,Batu Split 2-3,Komersial / Jual Beli,Loa Janan
829,beli batu split 2-3 loa duri,Batu Split 2-3,Komersial / Jual Beli,Loa Duri
830,beli batu split 2-3 kota bangun,Batu Split 2-3,Komersial / Jual Beli,Kota Bangun
831,beli batu split 2-3 samboja,Batu Split 2-3,Komersial / Jual Beli,Samboja
832,beli batu split 2-3 muara jawa,Batu Split 2-3,Komersial / Jual Beli,Muara Jawa
833,beli batu split 2-3 sangasanga,Batu Split 2-3,Komersial / Jual Beli,Sangasanga
834,beli batu split 2-3 marangkayu,Batu Split 2-3,Komersial / Jual Beli,Marangkayu
835,beli batu split 2-3 anggana,Batu Split 2-3,Komersial / Jual Beli,Anggana
836,beli batu split 2-3 samarinda,Batu Split 2-3,Komersial / Jual Beli,Samarinda
837,beli batu split 2-3 samarinda seberang,Batu Split 2-3,Komersial / Jual Beli,Samarinda Seberang
838,beli batu split 2-3 palaran,Batu Split 2-3,Komersial / Jual Beli,Palaran
839,beli batu split 2-3 loa bakung,Batu Split 2-3,Komersial / Jual Beli,Loa Bakung
840,beli batu split 2-3 sungai kunjang,Batu Split 2-3,Komersial / Jual Beli,Sungai Kunjang
841,beli batu split 2-3 balikpapan,Batu Split 2-3,Komersial / Jual Beli,Balikpapan
842,beli batu split 2-3 kariangau,Batu Split 2-3,Komersial / Jual Beli,Kariangau
843,beli batu split 2-3 ikn,Batu Split 2-3,Komersial / Jual Beli,Ikn
844,beli batu split 2-3 ikn nusantara,Batu Split 2-3,Komersial / Jual Beli,Ikn Nusantara
845,beli batu split 2-3 sepaku,Batu Split 2-3,Komersial / Jual Beli,Sepaku
846,beli batu split 2-3 penajam,Batu Split 2-3,Komersial / Jual Beli,Penajam
847,beli batu split 2-3 kaltim,Batu Split 2-3,Komersial / Jual Beli,Kaltim
848,beli batu split 2-3 kalimantan timur,Batu Split 2-3,Komersial / Jual Beli,Kalimantan Timur
849,beli batu split 1-1 tenggarong,Batu Split 1-1,Komersial / Jual Beli,Tenggarong
850,beli batu split 1-1 kukar,Batu Split 1-1,Komersial / Jual Beli,Kukar
851,beli batu split 1-1 kutai kartanegara,Batu Split 1-1,Komersial / Jual Beli,Kutai Kartanegara
852,beli batu split 1-1 sebulu,Batu Split 1-1,Komersial / Jual Beli,Sebulu
853,beli batu split 1-1 sanggulan,Batu Split 1-1,Komersial / Jual Beli,Sanggulan
854,beli batu split 1-1 dusun jambe,Batu Split 1-1,Komersial / Jual Beli,Dusun Jambe
855,beli batu split 1-1 sp sebulu,Batu Split 1-1,Komersial / Jual Beli,Sp Sebulu
856,beli batu split 1-1 muara kaman,Batu Split 1-1,Komersial / Jual Beli,Muara Kaman
857,beli batu split 1-1 sp muara kaman,Batu Split 1-1,Komersial / Jual Beli,Sp Muara Kaman
858,beli batu split 1-1 separi,Batu Split 1-1,Komersial / Jual Beli,Separi
859,beli batu split 1-1 l1,Batu Split 1-1,Komersial / Jual Beli,L1
860,beli batu split 1-1 l2,Batu Split 1-1,Komersial / Jual Beli,L2
861,beli batu split 1-1 l3,Batu Split 1-1,Komersial / Jual Beli,L3
862,beli batu split 1-1 tenggarong seberang,Batu Split 1-1,Komersial / Jual Beli,Tenggarong Seberang
863,beli batu split 1-1 loa kulu,Batu Split 1-1,Komersial / Jual Beli,Loa Kulu
864,beli batu split 1-1 loa janan,Batu Split 1-1,Komersial / Jual Beli,Loa Janan
865,beli batu split 1-1 loa duri,Batu Split 1-1,Komersial / Jual Beli,Loa Duri
866,beli batu split 1-1 kota bangun,Batu Split 1-1,Komersial / Jual Beli,Kota Bangun
867,beli batu split 1-1 samboja,Batu Split 1-1,Komersial / Jual Beli,Samboja
868,beli batu split 1-1 muara jawa,Batu Split 1-1,Komersial / Jual Beli,Muara Jawa
869,beli batu split 1-1 sangasanga,Batu Split 1-1,Komersial / Jual Beli,Sangasanga
870,beli batu split 1-1 marangkayu,Batu Split 1-1,Komersial / Jual Beli,Marangkayu
871,beli batu split 1-1 anggana,Batu Split 1-1,Komersial / Jual Beli,Anggana
872,beli batu split 1-1 samarinda,Batu Split 1-1,Komersial / Jual Beli,Samarinda
873,beli batu split 1-1 samarinda seberang,Batu Split 1-1,Komersial / Jual Beli,Samarinda Seberang
874,beli batu split 1-1 palaran,Batu Split 1-1,Komersial / Jual Beli,Palaran
875,beli batu split 1-1 loa bakung,Batu Split 1-1,Komersial / Jual Beli,Loa Bakung
876,beli batu split 1-1 sungai kunjang,Batu Split 1-1,Komersial / Jual Beli,Sungai Kunjang
877,beli batu split 1-1 balikpapan,Batu Split 1-1,Komersial / Jual Beli,Balikpapan
878,beli batu split 1-1 kariangau,Batu Split 1-1,Komersial / Jual Beli,Kariangau
879,beli batu split 1-1 ikn,Batu Split 1-1,Komersial / Jual Beli,Ikn
880,beli batu split 1-1 ikn nusantara,Batu Split 1-1,Komersial / Jual Beli,Ikn Nusantara
881,beli batu split 1-1 sepaku,Batu Split 1-1,Komersial / Jual Beli,Sepaku
882,beli batu split 1-1 penajam,Batu Split 1-1,Komersial / Jual Beli,Penajam
883,beli batu split 1-1 kaltim,Batu Split 1-1,Komersial / Jual Beli,Kaltim
884,beli batu split 1-1 kalimantan timur,Batu Split 1-1,Komersial / Jual Beli,Kalimantan Timur
885,beli batu split 3-5 tenggarong,Batu Split 3-5,Komersial / Jual Beli,Tenggarong
886,beli batu split 3-5 kukar,Batu Split 3-5,Komersial / Jual Beli,Kukar
887,beli batu split 3-5 kutai kartanegara,Batu Split 3-5,Komersial / Jual Beli,Kutai Kartanegara
888,beli batu split 3-5 sebulu,Batu Split 3-5,Komersial / Jual Beli,Sebulu
889,beli batu split 3-5 sanggulan,Batu Split 3-5,Komersial / Jual Beli,Sanggulan
890,beli batu split 3-5 dusun jambe,Batu Split 3-5,Komersial / Jual Beli,Dusun Jambe
891,beli batu split 3-5 sp sebulu,Batu Split 3-5,Komersial / Jual Beli,Sp Sebulu
892,beli batu split 3-5 muara kaman,Batu Split 3-5,Komersial / Jual Beli,Muara Kaman
893,beli batu split 3-5 sp muara kaman,Batu Split 3-5,Komersial / Jual Beli,Sp Muara Kaman
894,beli batu split 3-5 separi,Batu Split 3-5,Komersial / Jual Beli,Separi
895,beli batu split 3-5 l1,Batu Split 3-5,Komersial / Jual Beli,L1
896,beli batu split 3-5 l2,Batu Split 3-5,Komersial / Jual Beli,L2
897,beli batu split 3-5 l3,Batu Split 3-5,Komersial / Jual Beli,L3
898,beli batu split 3-5 tenggarong seberang,Batu Split 3-5,Komersial / Jual Beli,Tenggarong Seberang
899,beli batu split 3-5 loa kulu,Batu Split 3-5,Komersial / Jual Beli,Loa Kulu
900,beli batu split 3-5 loa janan,Batu Split 3-5,Komersial / Jual Beli,Loa Janan
901,beli batu split 3-5 loa duri,Batu Split 3-5,Komersial / Jual Beli,Loa Duri
902,beli batu split 3-5 kota bangun,Batu Split 3-5,Komersial / Jual Beli,Kota Bangun
903,beli batu split 3-5 samboja,Batu Split 3-5,Komersial / Jual Beli,Samboja
904,beli batu split 3-5 muara jawa,Batu Split 3-5,Komersial / Jual Beli,Muara Jawa
905,beli batu split 3-5 sangasanga,Batu Split 3-5,Komersial / Jual Beli,Sangasanga
906,beli batu split 3-5 marangkayu,Batu Split 3-5,Komersial / Jual Beli,Marangkayu
907,beli batu split 3-5 anggana,Batu Split 3-5,Komersial / Jual Beli,Anggana
908,beli batu split 3-5 samarinda,Batu Split 3-5,Komersial / Jual Beli,Samarinda
909,beli batu split 3-5 samarinda seberang,Batu Split 3-5,Komersial / Jual Beli,Samarinda Seberang
910,beli batu split 3-5 palaran,Batu Split 3-5,Komersial / Jual Beli,Palaran
911,beli batu split 3-5 loa bakung,Batu Split 3-5,Komersial / Jual Beli,Loa Bakung
912,beli batu split 3-5 sungai kunjang,Batu Split 3-5,Komersial / Jual Beli,Sungai Kunjang
913,beli batu split 3-5 balikpapan,Batu Split 3-5,Komersial / Jual Beli,Balikpapan
914,beli batu split 3-5 kariangau,Batu Split 3-5,Komersial / Jual Beli,Kariangau
915,beli batu split 3-5 ikn,Batu Split 3-5,Komersial / Jual Beli,Ikn
916,beli batu split 3-5 ikn nusantara,Batu Split 3-5,Komersial / Jual Beli,Ikn Nusantara
917,beli batu split 3-5 sepaku,Batu Split 3-5,Komersial / Jual Beli,Sepaku
918,beli batu split 3-5 penajam,Batu Split 3-5,Komersial / Jual Beli,Penajam
919,beli batu split 3-5 kaltim,Batu Split 3-5,Komersial / Jual Beli,Kaltim
920,beli batu split 3-5 kalimantan timur,Batu Split 3-5,Komersial / Jual Beli,Kalimantan Timur
921,beli batu split 5-7 tenggarong,Batu Split 5-7,Komersial / Jual Beli,Tenggarong
922,beli batu split 5-7 kukar,Batu Split 5-7,Komersial / Jual Beli,Kukar
923,beli batu split 5-7 kutai kartanegara,Batu Split 5-7,Komersial / Jual Beli,Kutai Kartanegara
924,beli batu split 5-7 sebulu,Batu Split 5-7,Komersial / Jual Beli,Sebulu
925,beli batu split 5-7 sanggulan,Batu Split 5-7,Komersial / Jual Beli,Sanggulan
926,beli batu split 5-7 dusun jambe,Batu Split 5-7,Komersial / Jual Beli,Dusun Jambe
927,beli batu split 5-7 sp sebulu,Batu Split 5-7,Komersial / Jual Beli,Sp Sebulu
928,beli batu split 5-7 muara kaman,Batu Split 5-7,Komersial / Jual Beli,Muara Kaman
929,beli batu split 5-7 sp muara kaman,Batu Split 5-7,Komersial / Jual Beli,Sp Muara Kaman
930,beli batu split 5-7 separi,Batu Split 5-7,Komersial / Jual Beli,Separi
931,beli batu split 5-7 l1,Batu Split 5-7,Komersial / Jual Beli,L1
932,beli batu split 5-7 l2,Batu Split 5-7,Komersial / Jual Beli,L2
933,beli batu split 5-7 l3,Batu Split 5-7,Komersial / Jual Beli,L3
934,beli batu split 5-7 tenggarong seberang,Batu Split 5-7,Komersial / Jual Beli,Tenggarong Seberang
935,beli batu split 5-7 loa kulu,Batu Split 5-7,Komersial / Jual Beli,Loa Kulu
936,beli batu split 5-7 loa janan,Batu Split 5-7,Komersial / Jual Beli,Loa Janan
937,beli batu split 5-7 loa duri,Batu Split 5-7,Komersial / Jual Beli,Loa Duri
938,beli batu split 5-7 kota bangun,Batu Split 5-7,Komersial / Jual Beli,Kota Bangun
939,beli batu split 5-7 samboja,Batu Split 5-7,Komersial / Jual Beli,Samboja
940,beli batu split 5-7 muara jawa,Batu Split 5-7,Komersial / Jual Beli,Muara Jawa
941,beli batu split 5-7 sangasanga,Batu Split 5-7,Komersial / Jual Beli,Sangasanga
942,beli batu split 5-7 marangkayu,Batu Split 5-7,Komersial / Jual Beli,Marangkayu
943,beli batu split 5-7 anggana,Batu Split 5-7,Komersial / Jual Beli,Anggana
944,beli batu split 5-7 samarinda,Batu Split 5-7,Komersial / Jual Beli,Samarinda
945,beli batu split 5-7 samarinda seberang,Batu Split 5-7,Komersial / Jual Beli,Samarinda Seberang
946,beli batu split 5-7 palaran,Batu Split 5-7,Komersial / Jual Beli,Palaran
947,beli batu split 5-7 loa bakung,Batu Split 5-7,Komersial / Jual Beli,Loa Bakung
948,beli batu split 5-7 sungai kunjang,Batu Split 5-7,Komersial / Jual Beli,Sungai Kunjang
949,beli batu split 5-7 balikpapan,Batu Split 5-7,Komersial / Jual Beli,Balikpapan
950,beli batu split 5-7 kariangau,Batu Split 5-7,Komersial / Jual Beli,Kariangau
951,beli batu split 5-7 ikn,Batu Split 5-7,Komersial / Jual Beli,Ikn
952,beli batu split 5-7 ikn nusantara,Batu Split 5-7,Komersial / Jual Beli,Ikn Nusantara
953,beli batu split 5-7 sepaku,Batu Split 5-7,Komersial / Jual Beli,Sepaku
954,beli batu split 5-7 penajam,Batu Split 5-7,Komersial / Jual Beli,Penajam
955,beli batu split 5-7 kaltim,Batu Split 5-7,Komersial / Jual Beli,Kaltim
956,beli batu split 5-7 kalimantan timur,Batu Split 5-7,Komersial / Jual Beli,Kalimantan Timur
957,beli batu split 7-10 tenggarong,Batu Split 7-10,Komersial / Jual Beli,Tenggarong
958,beli batu split 7-10 kukar,Batu Split 7-10,Komersial / Jual Beli,Kukar
959,beli batu split 7-10 kutai kartanegara,Batu Split 7-10,Komersial / Jual Beli,Kutai Kartanegara
960,beli batu split 7-10 sebulu,Batu Split 7-10,Komersial / Jual Beli,Sebulu
961,beli batu split 7-10 sanggulan,Batu Split 7-10,Komersial / Jual Beli,Sanggulan
962,beli batu split 7-10 dusun jambe,Batu Split 7-10,Komersial / Jual Beli,Dusun Jambe
963,beli batu split 7-10 sp sebulu,Batu Split 7-10,Komersial / Jual Beli,Sp Sebulu
964,beli batu split 7-10 muara kaman,Batu Split 7-10,Komersial / Jual Beli,Muara Kaman
965,beli batu split 7-10 sp muara kaman,Batu Split 7-10,Komersial / Jual Beli,Sp Muara Kaman
966,beli batu split 7-10 separi,Batu Split 7-10,Komersial / Jual Beli,Separi
967,beli batu split 7-10 l1,Batu Split 7-10,Komersial / Jual Beli,L1
968,beli batu split 7-10 l2,Batu Split 7-10,Komersial / Jual Beli,L2
969,beli batu split 7-10 l3,Batu Split 7-10,Komersial / Jual Beli,L3
970,beli batu split 7-10 tenggarong seberang,Batu Split 7-10,Komersial / Jual Beli,Tenggarong Seberang
971,beli batu split 7-10 loa kulu,Batu Split 7-10,Komersial / Jual Beli,Loa Kulu
972,beli batu split 7-10 loa janan,Batu Split 7-10,Komersial / Jual Beli,Loa Janan
973,beli batu split 7-10 loa duri,Batu Split 7-10,Komersial / Jual Beli,Loa Duri
974,beli batu split 7-10 kota bangun,Batu Split 7-10,Komersial / Jual Beli,Kota Bangun
975,beli batu split 7-10 samboja,Batu Split 7-10,Komersial / Jual Beli,Samboja
976,beli batu split 7-10 muara jawa,Batu Split 7-10,Komersial / Jual Beli,Muara Jawa
977,beli batu split 7-10 sangasanga,Batu Split 7-10,Komersial / Jual Beli,Sangasanga
978,beli batu split 7-10 marangkayu,Batu Split 7-10,Komersial / Jual Beli,Marangkayu
979,beli batu split 7-10 anggana,Batu Split 7-10,Komersial / Jual Beli,Anggana
980,beli batu split 7-10 samarinda,Batu Split 7-10,Komersial / Jual Beli,Samarinda
981,beli batu split 7-10 samarinda seberang,Batu Split 7-10,Komersial / Jual Beli,Samarinda Seberang
982,beli batu split 7-10 palaran,Batu Split 7-10,Komersial / Jual Beli,Palaran
983,beli batu split 7-10 loa bakung,Batu Split 7-10,Komersial / Jual Beli,Loa Bakung
984,beli batu split 7-10 sungai kunjang,Batu Split 7-10,Komersial / Jual Beli,Sungai Kunjang
985,beli batu split 7-10 balikpapan,Batu Split 7-10,Komersial / Jual Beli,Balikpapan
986,beli batu split 7-10 kariangau,Batu Split 7-10,Komersial / Jual Beli,Kariangau
987,beli batu split 7-10 ikn,Batu Split 7-10,Komersial / Jual Beli,Ikn
988,beli batu split 7-10 ikn nusantara,Batu Split 7-10,Komersial / Jual Beli,Ikn Nusantara
989,beli batu split 7-10 sepaku,Batu Split 7-10,Komersial / Jual Beli,Sepaku
990,beli batu split 7-10 penajam,Batu Split 7-10,Komersial / Jual Beli,Penajam
991,beli batu split 7-10 kaltim,Batu Split 7-10,Komersial / Jual Beli,Kaltim
992,beli batu split 7-10 kalimantan timur,Batu Split 7-10,Komersial / Jual Beli,Kalimantan Timur
993,beli abu batu tenggarong,Abu Batu,Komersial / Jual Beli,Tenggarong
994,beli abu batu kukar,Abu Batu,Komersial / Jual Beli,Kukar
995,beli abu batu kutai kartanegara,Abu Batu,Komersial / Jual Beli,Kutai Kartanegara
996,beli abu batu sebulu,Abu Batu,Komersial / Jual Beli,Sebulu
997,beli abu batu sanggulan,Abu Batu,Komersial / Jual Beli,Sanggulan
998,beli abu batu dusun jambe,Abu Batu,Komersial / Jual Beli,Dusun Jambe
999,beli abu batu sp sebulu,Abu Batu,Komersial / Jual Beli,Sp Sebulu
1000,beli abu batu muara kaman,Abu Batu,Komersial / Jual Beli,Muara Kaman
1001,beli abu batu sp muara kaman,Abu Batu,Komersial / Jual Beli,Sp Muara Kaman
1002,beli abu batu separi,Abu Batu,Komersial / Jual Beli,Separi
1003,beli abu batu l1,Abu Batu,Komersial / Jual Beli,L1
1004,beli abu batu l2,Abu Batu,Komersial / Jual Beli,L2
1005,beli abu batu l3,Abu Batu,Komersial / Jual Beli,L3
1006,beli abu batu tenggarong seberang,Abu Batu,Komersial / Jual Beli,Tenggarong Seberang
1007,beli abu batu loa kulu,Abu Batu,Komersial / Jual Beli,Loa Kulu
1008,beli abu batu loa janan,Abu Batu,Komersial / Jual Beli,Loa Janan
1009,beli abu batu loa duri,Abu Batu,Komersial / Jual Beli,Loa Duri
1010,beli abu batu kota bangun,Abu Batu,Komersial / Jual Beli,Kota Bangun
1011,beli abu batu samboja,Abu Batu,Komersial / Jual Beli,Samboja
1012,beli abu batu muara jawa,Abu Batu,Komersial / Jual Beli,Muara Jawa
1013,beli abu batu sangasanga,Abu Batu,Komersial / Jual Beli,Sangasanga
1014,beli abu batu marangkayu,Abu Batu,Komersial / Jual Beli,Marangkayu
1015,beli abu batu anggana,Abu Batu,Komersial / Jual Beli,Anggana
1016,beli abu batu samarinda,Abu Batu,Komersial / Jual Beli,Samarinda
1017,beli abu batu samarinda seberang,Abu Batu,Komersial / Jual Beli,Samarinda Seberang
1018,beli abu batu palaran,Abu Batu,Komersial / Jual Beli,Palaran
1019,beli abu batu loa bakung,Abu Batu,Komersial / Jual Beli,Loa Bakung
1020,beli abu batu sungai kunjang,Abu Batu,Komersial / Jual Beli,Sungai Kunjang
1021,beli abu batu balikpapan,Abu Batu,Komersial / Jual Beli,Balikpapan
1022,beli abu batu kariangau,Abu Batu,Komersial / Jual Beli,Kariangau
1023,beli abu batu ikn,Abu Batu,Komersial / Jual Beli,Ikn
1024,beli abu batu ikn nusantara,Abu Batu,Komersial / Jual Beli,Ikn Nusantara
1025,beli abu batu sepaku,Abu Batu,Komersial / Jual Beli,Sepaku
1026,beli abu batu penajam,Abu Batu,Komersial / Jual Beli,Penajam
1027,beli abu batu kaltim,Abu Batu,Komersial / Jual Beli,Kaltim
1028,beli abu batu kalimantan timur,Abu Batu,Komersial / Jual Beli,Kalimantan Timur
1029,beli batu agregat tenggarong,Batu Agregat,Komersial / Jual Beli,Tenggarong
1030,beli batu agregat kukar,Batu Agregat,Komersial / Jual Beli,Kukar
1031,beli batu agregat kutai kartanegara,Batu Agregat,Komersial / Jual Beli,Kutai Kartanegara
1032,beli batu agregat sebulu,Batu Agregat,Komersial / Jual Beli,Sebulu
1033,beli batu agregat sanggulan,Batu Agregat,Komersial / Jual Beli,Sanggulan
1034,beli batu agregat dusun jambe,Batu Agregat,Komersial / Jual Beli,Dusun Jambe
1035,beli batu agregat sp sebulu,Batu Agregat,Komersial / Jual Beli,Sp Sebulu
1036,beli batu agregat muara kaman,Batu Agregat,Komersial / Jual Beli,Muara Kaman
1037,beli batu agregat sp muara kaman,Batu Agregat,Komersial / Jual Beli,Sp Muara Kaman
1038,beli batu agregat separi,Batu Agregat,Komersial / Jual Beli,Separi
1039,beli batu agregat l1,Batu Agregat,Komersial / Jual Beli,L1
1040,beli batu agregat l2,Batu Agregat,Komersial / Jual Beli,L2
1041,beli batu agregat l3,Batu Agregat,Komersial / Jual Beli,L3
1042,beli batu agregat tenggarong seberang,Batu Agregat,Komersial / Jual Beli,Tenggarong Seberang
1043,beli batu agregat loa kulu,Batu Agregat,Komersial / Jual Beli,Loa Kulu
1044,beli batu agregat loa janan,Batu Agregat,Komersial / Jual Beli,Loa Janan
1045,beli batu agregat loa duri,Batu Agregat,Komersial / Jual Beli,Loa Duri
1046,beli batu agregat kota bangun,Batu Agregat,Komersial / Jual Beli,Kota Bangun
1047,beli batu agregat samboja,Batu Agregat,Komersial / Jual Beli,Samboja
1048,beli batu agregat muara jawa,Batu Agregat,Komersial / Jual Beli,Muara Jawa
1049,beli batu agregat sangasanga,Batu Agregat,Komersial / Jual Beli,Sangasanga
1050,beli batu agregat marangkayu,Batu Agregat,Komersial / Jual Beli,Marangkayu
1051,beli batu agregat anggana,Batu Agregat,Komersial / Jual Beli,Anggana
1052,beli batu agregat samarinda,Batu Agregat,Komersial / Jual Beli,Samarinda
1053,beli batu agregat samarinda seberang,Batu Agregat,Komersial / Jual Beli,Samarinda Seberang
1054,beli batu agregat palaran,Batu Agregat,Komersial / Jual Beli,Palaran
1055,beli batu agregat loa bakung,Batu Agregat,Komersial / Jual Beli,Loa Bakung
1056,beli batu agregat sungai kunjang,Batu Agregat,Komersial / Jual Beli,Sungai Kunjang
1057,beli batu agregat balikpapan,Batu Agregat,Komersial / Jual Beli,Balikpapan
1058,beli batu agregat kariangau,Batu Agregat,Komersial / Jual Beli,Kariangau
1059,beli batu agregat ikn,Batu Agregat,Komersial / Jual Beli,Ikn
1060,beli batu agregat ikn nusantara,Batu Agregat,Komersial / Jual Beli,Ikn Nusantara
1061,beli batu agregat sepaku,Batu Agregat,Komersial / Jual Beli,Sepaku
1062,beli batu agregat penajam,Batu Agregat,Komersial / Jual Beli,Penajam
1063,beli batu agregat kaltim,Batu Agregat,Komersial / Jual Beli,Kaltim
1064,beli batu agregat kalimantan timur,Batu Agregat,Komersial / Jual Beli,Kalimantan Timur
1065,beli agregat kelas a tenggarong,Agregat Kelas A,Komersial / Jual Beli,Tenggarong
1066,beli agregat kelas a kukar,Agregat Kelas A,Komersial / Jual Beli,Kukar
1067,beli agregat kelas a kutai kartanegara,Agregat Kelas A,Komersial / Jual Beli,Kutai Kartanegara
1068,beli agregat kelas a sebulu,Agregat Kelas A,Komersial / Jual Beli,Sebulu
1069,beli agregat kelas a sanggulan,Agregat Kelas A,Komersial / Jual Beli,Sanggulan
1070,beli agregat kelas a dusun jambe,Agregat Kelas A,Komersial / Jual Beli,Dusun Jambe
1071,beli agregat kelas a sp sebulu,Agregat Kelas A,Komersial / Jual Beli,Sp Sebulu
1072,beli agregat kelas a muara kaman,Agregat Kelas A,Komersial / Jual Beli,Muara Kaman
1073,beli agregat kelas a sp muara kaman,Agregat Kelas A,Komersial / Jual Beli,Sp Muara Kaman
1074,beli agregat kelas a separi,Agregat Kelas A,Komersial / Jual Beli,Separi
1075,beli agregat kelas a l1,Agregat Kelas A,Komersial / Jual Beli,L1
1076,beli agregat kelas a l2,Agregat Kelas A,Komersial / Jual Beli,L2
1077,beli agregat kelas a l3,Agregat Kelas A,Komersial / Jual Beli,L3
1078,beli agregat kelas a tenggarong seberang,Agregat Kelas A,Komersial / Jual Beli,Tenggarong Seberang
1079,beli agregat kelas a loa kulu,Agregat Kelas A,Komersial / Jual Beli,Loa Kulu
1080,beli agregat kelas a loa janan,Agregat Kelas A,Komersial / Jual Beli,Loa Janan
1081,beli agregat kelas a loa duri,Agregat Kelas A,Komersial / Jual Beli,Loa Duri
1082,beli agregat kelas a kota bangun,Agregat Kelas A,Komersial / Jual Beli,Kota Bangun
1083,beli agregat kelas a samboja,Agregat Kelas A,Komersial / Jual Beli,Samboja
1084,beli agregat kelas a muara jawa,Agregat Kelas A,Komersial / Jual Beli,Muara Jawa
1085,beli agregat kelas a sangasanga,Agregat Kelas A,Komersial / Jual Beli,Sangasanga
1086,beli agregat kelas a marangkayu,Agregat Kelas A,Komersial / Jual Beli,Marangkayu
1087,beli agregat kelas a anggana,Agregat Kelas A,Komersial / Jual Beli,Anggana
1088,beli agregat kelas a samarinda,Agregat Kelas A,Komersial / Jual Beli,Samarinda
1089,beli agregat kelas a samarinda seberang,Agregat Kelas A,Komersial / Jual Beli,Samarinda Seberang
1090,beli agregat kelas a palaran,Agregat Kelas A,Komersial / Jual Beli,Palaran
1091,beli agregat kelas a loa bakung,Agregat Kelas A,Komersial / Jual Beli,Loa Bakung
1092,beli agregat kelas a sungai kunjang,Agregat Kelas A,Komersial / Jual Beli,Sungai Kunjang
1093,beli agregat kelas a balikpapan,Agregat Kelas A,Komersial / Jual Beli,Balikpapan
1094,beli agregat kelas a kariangau,Agregat Kelas A,Komersial / Jual Beli,Kariangau
1095,beli agregat kelas a ikn,Agregat Kelas A,Komersial / Jual Beli,Ikn
1096,beli agregat kelas a ikn nusantara,Agregat Kelas A,Komersial / Jual Beli,Ikn Nusantara
1097,beli agregat kelas a sepaku,Agregat Kelas A,Komersial / Jual Beli,Sepaku
1098,beli agregat kelas a penajam,Agregat Kelas A,Komersial / Jual Beli,Penajam
1099,beli agregat kelas a kaltim,Agregat Kelas A,Komersial / Jual Beli,Kaltim
1100,beli agregat kelas a kalimantan timur,Agregat Kelas A,Komersial / Jual Beli,Kalimantan Timur
1101,beli agregat kelas b tenggarong,Agregat Kelas B,Komersial / Jual Beli,Tenggarong
1102,beli agregat kelas b kukar,Agregat Kelas B,Komersial / Jual Beli,Kukar
1103,beli agregat kelas b kutai kartanegara,Agregat Kelas B,Komersial / Jual Beli,Kutai Kartanegara
1104,beli agregat kelas b sebulu,Agregat Kelas B,Komersial / Jual Beli,Sebulu
1105,beli agregat kelas b sanggulan,Agregat Kelas B,Komersial / Jual Beli,Sanggulan
1106,beli agregat kelas b dusun jambe,Agregat Kelas B,Komersial / Jual Beli,Dusun Jambe
1107,beli agregat kelas b sp sebulu,Agregat Kelas B,Komersial / Jual Beli,Sp Sebulu
1108,beli agregat kelas b muara kaman,Agregat Kelas B,Komersial / Jual Beli,Muara Kaman
1109,beli agregat kelas b sp muara kaman,Agregat Kelas B,Komersial / Jual Beli,Sp Muara Kaman
1110,beli agregat kelas b separi,Agregat Kelas B,Komersial / Jual Beli,Separi
1111,beli agregat kelas b l1,Agregat Kelas B,Komersial / Jual Beli,L1
1112,beli agregat kelas b l2,Agregat Kelas B,Komersial / Jual Beli,L2
1113,beli agregat kelas b l3,Agregat Kelas B,Komersial / Jual Beli,L3
1114,beli agregat kelas b tenggarong seberang,Agregat Kelas B,Komersial / Jual Beli,Tenggarong Seberang
1115,beli agregat kelas b loa kulu,Agregat Kelas B,Komersial / Jual Beli,Loa Kulu
1116,beli agregat kelas b loa janan,Agregat Kelas B,Komersial / Jual Beli,Loa Janan
1117,beli agregat kelas b loa duri,Agregat Kelas B,Komersial / Jual Beli,Loa Duri
1118,beli agregat kelas b kota bangun,Agregat Kelas B,Komersial / Jual Beli,Kota Bangun
1119,beli agregat kelas b samboja,Agregat Kelas B,Komersial / Jual Beli,Samboja
1120,beli agregat kelas b muara jawa,Agregat Kelas B,Komersial / Jual Beli,Muara Jawa
1121,beli agregat kelas b sangasanga,Agregat Kelas B,Komersial / Jual Beli,Sangasanga
1122,beli agregat kelas b marangkayu,Agregat Kelas B,Komersial / Jual Beli,Marangkayu
1123,beli agregat kelas b anggana,Agregat Kelas B,Komersial / Jual Beli,Anggana
1124,beli agregat kelas b samarinda,Agregat Kelas B,Komersial / Jual Beli,Samarinda
1125,beli agregat kelas b samarinda seberang,Agregat Kelas B,Komersial / Jual Beli,Samarinda Seberang
1126,beli agregat kelas b palaran,Agregat Kelas B,Komersial / Jual Beli,Palaran
1127,beli agregat kelas b loa bakung,Agregat Kelas B,Komersial / Jual Beli,Loa Bakung
1128,beli agregat kelas b sungai kunjang,Agregat Kelas B,Komersial / Jual Beli,Sungai Kunjang
1129,beli agregat kelas b balikpapan,Agregat Kelas B,Komersial / Jual Beli,Balikpapan
1130,beli agregat kelas b kariangau,Agregat Kelas B,Komersial / Jual Beli,Kariangau
1131,beli agregat kelas b ikn,Agregat Kelas B,Komersial / Jual Beli,Ikn
1132,beli agregat kelas b ikn nusantara,Agregat Kelas B,Komersial / Jual Beli,Ikn Nusantara
1133,beli agregat kelas b sepaku,Agregat Kelas B,Komersial / Jual Beli,Sepaku
1134,beli agregat kelas b penajam,Agregat Kelas B,Komersial / Jual Beli,Penajam
1135,beli agregat kelas b kaltim,Agregat Kelas B,Komersial / Jual Beli,Kaltim
1136,beli agregat kelas b kalimantan timur,Agregat Kelas B,Komersial / Jual Beli,Kalimantan Timur
1137,beli agregat base course tenggarong,Base Course,Komersial / Jual Beli,Tenggarong
1138,beli agregat base course kukar,Base Course,Komersial / Jual Beli,Kukar
1139,beli agregat base course kutai kartanegara,Base Course,Komersial / Jual Beli,Kutai Kartanegara
1140,beli agregat base course sebulu,Base Course,Komersial / Jual Beli,Sebulu
1141,beli agregat base course sanggulan,Base Course,Komersial / Jual Beli,Sanggulan
1142,beli agregat base course dusun jambe,Base Course,Komersial / Jual Beli,Dusun Jambe
1143,beli agregat base course sp sebulu,Base Course,Komersial / Jual Beli,Sp Sebulu
1144,beli agregat base course muara kaman,Base Course,Komersial / Jual Beli,Muara Kaman
1145,beli agregat base course sp muara kaman,Base Course,Komersial / Jual Beli,Sp Muara Kaman
1146,beli agregat base course separi,Base Course,Komersial / Jual Beli,Separi
1147,beli agregat base course l1,Base Course,Komersial / Jual Beli,L1
1148,beli agregat base course l2,Base Course,Komersial / Jual Beli,L2
1149,beli agregat base course l3,Base Course,Komersial / Jual Beli,L3
1150,beli agregat base course tenggarong seberang,Base Course,Komersial / Jual Beli,Tenggarong Seberang
1151,beli agregat base course loa kulu,Base Course,Komersial / Jual Beli,Loa Kulu
1152,beli agregat base course loa janan,Base Course,Komersial / Jual Beli,Loa Janan
1153,beli agregat base course loa duri,Base Course,Komersial / Jual Beli,Loa Duri
1154,beli agregat base course kota bangun,Base Course,Komersial / Jual Beli,Kota Bangun
1155,beli agregat base course samboja,Base Course,Komersial / Jual Beli,Samboja
1156,beli agregat base course muara jawa,Base Course,Komersial / Jual Beli,Muara Jawa
1157,beli agregat base course sangasanga,Base Course,Komersial / Jual Beli,Sangasanga
1158,beli agregat base course marangkayu,Base Course,Komersial / Jual Beli,Marangkayu
1159,beli agregat base course anggana,Base Course,Komersial / Jual Beli,Anggana
1160,beli agregat base course samarinda,Base Course,Komersial / Jual Beli,Samarinda
1161,beli agregat base course samarinda seberang,Base Course,Komersial / Jual Beli,Samarinda Seberang
1162,beli agregat base course palaran,Base Course,Komersial / Jual Beli,Palaran
1163,beli agregat base course loa bakung,Base Course,Komersial / Jual Beli,Loa Bakung
1164,beli agregat base course sungai kunjang,Base Course,Komersial / Jual Beli,Sungai Kunjang
1165,beli agregat base course balikpapan,Base Course,Komersial / Jual Beli,Balikpapan
1166,beli agregat base course kariangau,Base Course,Komersial / Jual Beli,Kariangau
1167,beli agregat base course ikn,Base Course,Komersial / Jual Beli,Ikn
1168,beli agregat base course ikn nusantara,Base Course,Komersial / Jual Beli,Ikn Nusantara
1169,beli agregat base course sepaku,Base Course,Komersial / Jual Beli,Sepaku
1170,beli agregat base course penajam,Base Course,Komersial / Jual Beli,Penajam
1171,beli agregat base course kaltim,Base Course,Komersial / Jual Beli,Kaltim
1172,beli agregat base course kalimantan timur,Base Course,Komersial / Jual Beli,Kalimantan Timur
1173,beli batu screening tenggarong,Batu Screening,Komersial / Jual Beli,Tenggarong
1174,beli batu screening kukar,Batu Screening,Komersial / Jual Beli,Kukar
1175,beli batu screening kutai kartanegara,Batu Screening,Komersial / Jual Beli,Kutai Kartanegara
1176,beli batu screening sebulu,Batu Screening,Komersial / Jual Beli,Sebulu
1177,beli batu screening sanggulan,Batu Screening,Komersial / Jual Beli,Sanggulan
1178,beli batu screening dusun jambe,Batu Screening,Komersial / Jual Beli,Dusun Jambe
1179,beli batu screening sp sebulu,Batu Screening,Komersial / Jual Beli,Sp Sebulu
1180,beli batu screening muara kaman,Batu Screening,Komersial / Jual Beli,Muara Kaman
1181,beli batu screening sp muara kaman,Batu Screening,Komersial / Jual Beli,Sp Muara Kaman
1182,beli batu screening separi,Batu Screening,Komersial / Jual Beli,Separi
1183,beli batu screening l1,Batu Screening,Komersial / Jual Beli,L1
1184,beli batu screening l2,Batu Screening,Komersial / Jual Beli,L2
1185,beli batu screening l3,Batu Screening,Komersial / Jual Beli,L3
1186,beli batu screening tenggarong seberang,Batu Screening,Komersial / Jual Beli,Tenggarong Seberang
1187,beli batu screening loa kulu,Batu Screening,Komersial / Jual Beli,Loa Kulu
1188,beli batu screening loa janan,Batu Screening,Komersial / Jual Beli,Loa Janan
1189,beli batu screening loa duri,Batu Screening,Komersial / Jual Beli,Loa Duri
1190,beli batu screening kota bangun,Batu Screening,Komersial / Jual Beli,Kota Bangun
1191,beli batu screening samboja,Batu Screening,Komersial / Jual Beli,Samboja
1192,beli batu screening muara jawa,Batu Screening,Komersial / Jual Beli,Muara Jawa
1193,beli batu screening sangasanga,Batu Screening,Komersial / Jual Beli,Sangasanga
1194,beli batu screening marangkayu,Batu Screening,Komersial / Jual Beli,Marangkayu
1195,beli batu screening anggana,Batu Screening,Komersial / Jual Beli,Anggana
1196,beli batu screening samarinda,Batu Screening,Komersial / Jual Beli,Samarinda
1197,beli batu screening samarinda seberang,Batu Screening,Komersial / Jual Beli,Samarinda Seberang
1198,beli batu screening palaran,Batu Screening,Komersial / Jual Beli,Palaran
1199,beli batu screening loa bakung,Batu Screening,Komersial / Jual Beli,Loa Bakung
1200,beli batu screening sungai kunjang,Batu Screening,Komersial / Jual Beli,Sungai Kunjang
1201,beli batu screening balikpapan,Batu Screening,Komersial / Jual Beli,Balikpapan
1202,beli batu screening kariangau,Batu Screening,Komersial / Jual Beli,Kariangau
1203,beli batu screening ikn,Batu Screening,Komersial / Jual Beli,Ikn
1204,beli batu screening ikn nusantara,Batu Screening,Komersial / Jual Beli,Ikn Nusantara
1205,beli batu screening sepaku,Batu Screening,Komersial / Jual Beli,Sepaku
1206,beli batu screening penajam,Batu Screening,Komersial / Jual Beli,Penajam
1207,beli batu screening kaltim,Batu Screening,Komersial / Jual Beli,Kaltim
1208,beli batu screening kalimantan timur,Batu Screening,Komersial / Jual Beli,Kalimantan Timur
1209,beli batu pondasi tenggarong,Batu Pondasi,Komersial / Jual Beli,Tenggarong
1210,beli batu pondasi kukar,Batu Pondasi,Komersial / Jual Beli,Kukar
1211,beli batu pondasi kutai kartanegara,Batu Pondasi,Komersial / Jual Beli,Kutai Kartanegara
1212,beli batu pondasi sebulu,Batu Pondasi,Komersial / Jual Beli,Sebulu
1213,beli batu pondasi sanggulan,Batu Pondasi,Komersial / Jual Beli,Sanggulan
1214,beli batu pondasi dusun jambe,Batu Pondasi,Komersial / Jual Beli,Dusun Jambe
1215,beli batu pondasi sp sebulu,Batu Pondasi,Komersial / Jual Beli,Sp Sebulu
1216,beli batu pondasi muara kaman,Batu Pondasi,Komersial / Jual Beli,Muara Kaman
1217,beli batu pondasi sp muara kaman,Batu Pondasi,Komersial / Jual Beli,Sp Muara Kaman
1218,beli batu pondasi separi,Batu Pondasi,Komersial / Jual Beli,Separi
1219,beli batu pondasi l1,Batu Pondasi,Komersial / Jual Beli,L1
1220,beli batu pondasi l2,Batu Pondasi,Komersial / Jual Beli,L2
1221,beli batu pondasi l3,Batu Pondasi,Komersial / Jual Beli,L3
1222,beli batu pondasi tenggarong seberang,Batu Pondasi,Komersial / Jual Beli,Tenggarong Seberang
1223,beli batu pondasi loa kulu,Batu Pondasi,Komersial / Jual Beli,Loa Kulu
1224,beli batu pondasi loa janan,Batu Pondasi,Komersial / Jual Beli,Loa Janan
1225,beli batu pondasi loa duri,Batu Pondasi,Komersial / Jual Beli,Loa Duri
1226,beli batu pondasi kota bangun,Batu Pondasi,Komersial / Jual Beli,Kota Bangun
1227,beli batu pondasi samboja,Batu Pondasi,Komersial / Jual Beli,Samboja
1228,beli batu pondasi muara jawa,Batu Pondasi,Komersial / Jual Beli,Muara Jawa
1229,beli batu pondasi sangasanga,Batu Pondasi,Komersial / Jual Beli,Sangasanga
1230,beli batu pondasi marangkayu,Batu Pondasi,Komersial / Jual Beli,Marangkayu
1231,beli batu pondasi anggana,Batu Pondasi,Komersial / Jual Beli,Anggana
1232,beli batu pondasi samarinda,Batu Pondasi,Komersial / Jual Beli,Samarinda
1233,beli batu pondasi samarinda seberang,Batu Pondasi,Komersial / Jual Beli,Samarinda Seberang
1234,beli batu pondasi palaran,Batu Pondasi,Komersial / Jual Beli,Palaran
1235,beli batu pondasi loa bakung,Batu Pondasi,Komersial / Jual Beli,Loa Bakung
1236,beli batu pondasi sungai kunjang,Batu Pondasi,Komersial / Jual Beli,Sungai Kunjang
1237,beli batu pondasi balikpapan,Batu Pondasi,Komersial / Jual Beli,Balikpapan
1238,beli batu pondasi kariangau,Batu Pondasi,Komersial / Jual Beli,Kariangau
1239,beli batu pondasi ikn,Batu Pondasi,Komersial / Jual Beli,Ikn
1240,beli batu pondasi ikn nusantara,Batu Pondasi,Komersial / Jual Beli,Ikn Nusantara
1241,beli batu pondasi sepaku,Batu Pondasi,Komersial / Jual Beli,Sepaku
1242,beli batu pondasi penajam,Batu Pondasi,Komersial / Jual Beli,Penajam
1243,beli batu pondasi kaltim,Batu Pondasi,Komersial / Jual Beli,Kaltim
1244,beli batu pondasi kalimantan timur,Batu Pondasi,Komersial / Jual Beli,Kalimantan Timur
1245,beli batu belah gunung tenggarong,Batu Belah,Komersial / Jual Beli,Tenggarong
1246,beli batu belah gunung kukar,Batu Belah,Komersial / Jual Beli,Kukar
1247,beli batu belah gunung kutai kartanegara,Batu Belah,Komersial / Jual Beli,Kutai Kartanegara
1248,beli batu belah gunung sebulu,Batu Belah,Komersial / Jual Beli,Sebulu
1249,beli batu belah gunung sanggulan,Batu Belah,Komersial / Jual Beli,Sanggulan
1250,beli batu belah gunung dusun jambe,Batu Belah,Komersial / Jual Beli,Dusun Jambe
1251,beli batu belah gunung sp sebulu,Batu Belah,Komersial / Jual Beli,Sp Sebulu
1252,beli batu belah gunung muara kaman,Batu Belah,Komersial / Jual Beli,Muara Kaman
1253,beli batu belah gunung sp muara kaman,Batu Belah,Komersial / Jual Beli,Sp Muara Kaman
1254,beli batu belah gunung separi,Batu Belah,Komersial / Jual Beli,Separi
1255,beli batu belah gunung l1,Batu Belah,Komersial / Jual Beli,L1
1256,beli batu belah gunung l2,Batu Belah,Komersial / Jual Beli,L2
1257,beli batu belah gunung l3,Batu Belah,Komersial / Jual Beli,L3
1258,beli batu belah gunung tenggarong seberang,Batu Belah,Komersial / Jual Beli,Tenggarong Seberang
1259,beli batu belah gunung loa kulu,Batu Belah,Komersial / Jual Beli,Loa Kulu
1260,beli batu belah gunung loa janan,Batu Belah,Komersial / Jual Beli,Loa Janan
1261,beli batu belah gunung loa duri,Batu Belah,Komersial / Jual Beli,Loa Duri
1262,beli batu belah gunung kota bangun,Batu Belah,Komersial / Jual Beli,Kota Bangun
1263,beli batu belah gunung samboja,Batu Belah,Komersial / Jual Beli,Samboja
1264,beli batu belah gunung muara jawa,Batu Belah,Komersial / Jual Beli,Muara Jawa
1265,beli batu belah gunung sangasanga,Batu Belah,Komersial / Jual Beli,Sangasanga
1266,beli batu belah gunung marangkayu,Batu Belah,Komersial / Jual Beli,Marangkayu
1267,beli batu belah gunung anggana,Batu Belah,Komersial / Jual Beli,Anggana
1268,beli batu belah gunung samarinda,Batu Belah,Komersial / Jual Beli,Samarinda
1269,beli batu belah gunung samarinda seberang,Batu Belah,Komersial / Jual Beli,Samarinda Seberang
1270,beli batu belah gunung palaran,Batu Belah,Komersial / Jual Beli,Palaran
1271,beli batu belah gunung loa bakung,Batu Belah,Komersial / Jual Beli,Loa Bakung
1272,beli batu belah gunung sungai kunjang,Batu Belah,Komersial / Jual Beli,Sungai Kunjang
1273,beli batu belah gunung balikpapan,Batu Belah,Komersial / Jual Beli,Balikpapan
1274,beli batu belah gunung kariangau,Batu Belah,Komersial / Jual Beli,Kariangau
1275,beli batu belah gunung ikn,Batu Belah,Komersial / Jual Beli,Ikn
1276,beli batu belah gunung ikn nusantara,Batu Belah,Komersial / Jual Beli,Ikn Nusantara
1277,beli batu belah gunung sepaku,Batu Belah,Komersial / Jual Beli,Sepaku
1278,beli batu belah gunung penajam,Batu Belah,Komersial / Jual Beli,Penajam
1279,beli batu belah gunung kaltim,Batu Belah,Komersial / Jual Beli,Kaltim
1280,beli batu belah gunung kalimantan timur,Batu Belah,Komersial / Jual Beli,Kalimantan Timur
1281,beli batu belah tenggarong,Batu Belah,Komersial / Jual Beli,Tenggarong
1282,beli batu belah kukar,Batu Belah,Komersial / Jual Beli,Kukar
1283,beli batu belah kutai kartanegara,Batu Belah,Komersial / Jual Beli,Kutai Kartanegara
1284,beli batu belah sebulu,Batu Belah,Komersial / Jual Beli,Sebulu
1285,beli batu belah sanggulan,Batu Belah,Komersial / Jual Beli,Sanggulan
1286,beli batu belah dusun jambe,Batu Belah,Komersial / Jual Beli,Dusun Jambe
1287,beli batu belah sp sebulu,Batu Belah,Komersial / Jual Beli,Sp Sebulu
1288,beli batu belah muara kaman,Batu Belah,Komersial / Jual Beli,Muara Kaman
1289,beli batu belah sp muara kaman,Batu Belah,Komersial / Jual Beli,Sp Muara Kaman
1290,beli batu belah separi,Batu Belah,Komersial / Jual Beli,Separi
1291,beli batu belah l1,Batu Belah,Komersial / Jual Beli,L1
1292,beli batu belah l2,Batu Belah,Komersial / Jual Beli,L2
1293,beli batu belah l3,Batu Belah,Komersial / Jual Beli,L3
1294,beli batu belah tenggarong seberang,Batu Belah,Komersial / Jual Beli,Tenggarong Seberang
1295,beli batu belah loa kulu,Batu Belah,Komersial / Jual Beli,Loa Kulu
1296,beli batu belah loa janan,Batu Belah,Komersial / Jual Beli,Loa Janan
1297,beli batu belah loa duri,Batu Belah,Komersial / Jual Beli,Loa Duri
1298,beli batu belah kota bangun,Batu Belah,Komersial / Jual Beli,Kota Bangun
1299,beli batu belah samboja,Batu Belah,Komersial / Jual Beli,Samboja
1300,beli batu belah muara jawa,Batu Belah,Komersial / Jual Beli,Muara Jawa
1301,beli batu belah sangasanga,Batu Belah,Komersial / Jual Beli,Sangasanga
1302,beli batu belah marangkayu,Batu Belah,Komersial / Jual Beli,Marangkayu
1303,beli batu belah anggana,Batu Belah,Komersial / Jual Beli,Anggana
1304,beli batu belah samarinda,Batu Belah,Komersial / Jual Beli,Samarinda
1305,beli batu belah samarinda seberang,Batu Belah,Komersial / Jual Beli,Samarinda Seberang
1306,beli batu belah palaran,Batu Belah,Komersial / Jual Beli,Palaran
1307,beli batu belah loa bakung,Batu Belah,Komersial / Jual Beli,Loa Bakung
1308,beli batu belah sungai kunjang,Batu Belah,Komersial / Jual Beli,Sungai Kunjang
1309,beli batu belah balikpapan,Batu Belah,Komersial / Jual Beli,Balikpapan
1310,beli batu belah kariangau,Batu Belah,Komersial / Jual Beli,Kariangau
1311,beli batu belah ikn,Batu Belah,Komersial / Jual Beli,Ikn
1312,beli batu belah ikn nusantara,Batu Belah,Komersial / Jual Beli,Ikn Nusantara
1313,beli batu belah sepaku,Batu Belah,Komersial / Jual Beli,Sepaku
1314,beli batu belah penajam,Batu Belah,Komersial / Jual Beli,Penajam
1315,beli batu belah kaltim,Batu Belah,Komersial / Jual Beli,Kaltim
1316,beli batu belah kalimantan timur,Batu Belah,Komersial / Jual Beli,Kalimantan Timur
1317,beli batu kali belah tenggarong,Batu Belah,Komersial / Jual Beli,Tenggarong
1318,beli batu kali belah kukar,Batu Belah,Komersial / Jual Beli,Kukar
1319,beli batu kali belah kutai kartanegara,Batu Belah,Komersial / Jual Beli,Kutai Kartanegara
1320,beli batu kali belah sebulu,Batu Belah,Komersial / Jual Beli,Sebulu
1321,beli batu kali belah sanggulan,Batu Belah,Komersial / Jual Beli,Sanggulan
1322,beli batu kali belah dusun jambe,Batu Belah,Komersial / Jual Beli,Dusun Jambe
1323,beli batu kali belah sp sebulu,Batu Belah,Komersial / Jual Beli,Sp Sebulu
1324,beli batu kali belah muara kaman,Batu Belah,Komersial / Jual Beli,Muara Kaman
1325,beli batu kali belah sp muara kaman,Batu Belah,Komersial / Jual Beli,Sp Muara Kaman
1326,beli batu kali belah separi,Batu Belah,Komersial / Jual Beli,Separi
1327,beli batu kali belah l1,Batu Belah,Komersial / Jual Beli,L1
1328,beli batu kali belah l2,Batu Belah,Komersial / Jual Beli,L2
1329,beli batu kali belah l3,Batu Belah,Komersial / Jual Beli,L3
1330,beli batu kali belah tenggarong seberang,Batu Belah,Komersial / Jual Beli,Tenggarong Seberang
1331,beli batu kali belah loa kulu,Batu Belah,Komersial / Jual Beli,Loa Kulu
1332,beli batu kali belah loa janan,Batu Belah,Komersial / Jual Beli,Loa Janan
1333,beli batu kali belah loa duri,Batu Belah,Komersial / Jual Beli,Loa Duri
1334,beli batu kali belah kota bangun,Batu Belah,Komersial / Jual Beli,Kota Bangun
1335,beli batu kali belah samboja,Batu Belah,Komersial / Jual Beli,Samboja
1336,beli batu kali belah muara jawa,Batu Belah,Komersial / Jual Beli,Muara Jawa
1337,beli batu kali belah sangasanga,Batu Belah,Komersial / Jual Beli,Sangasanga
1338,beli batu kali belah marangkayu,Batu Belah,Komersial / Jual Beli,Marangkayu
1339,beli batu kali belah anggana,Batu Belah,Komersial / Jual Beli,Anggana
1340,beli batu kali belah samarinda,Batu Belah,Komersial / Jual Beli,Samarinda
1341,beli batu kali belah samarinda seberang,Batu Belah,Komersial / Jual Beli,Samarinda Seberang
1342,beli batu kali belah palaran,Batu Belah,Komersial / Jual Beli,Palaran
1343,beli batu kali belah loa bakung,Batu Belah,Komersial / Jual Beli,Loa Bakung
1344,beli batu kali belah sungai kunjang,Batu Belah,Komersial / Jual Beli,Sungai Kunjang
1345,beli batu kali belah balikpapan,Batu Belah,Komersial / Jual Beli,Balikpapan
1346,beli batu kali belah kariangau,Batu Belah,Komersial / Jual Beli,Kariangau
1347,beli batu kali belah ikn,Batu Belah,Komersial / Jual Beli,Ikn
1348,beli batu kali belah ikn nusantara,Batu Belah,Komersial / Jual Beli,Ikn Nusantara
1349,beli batu kali belah sepaku,Batu Belah,Komersial / Jual Beli,Sepaku
1350,beli batu kali belah penajam,Batu Belah,Komersial / Jual Beli,Penajam
1351,beli batu kali belah kaltim,Batu Belah,Komersial / Jual Beli,Kaltim
1352,beli batu kali belah kalimantan timur,Batu Belah,Komersial / Jual Beli,Kalimantan Timur
1353,beli batu tronjolan tenggarong,Batu Tronjolan,Komersial / Jual Beli,Tenggarong
1354,beli batu tronjolan kukar,Batu Tronjolan,Komersial / Jual Beli,Kukar
1355,beli batu tronjolan kutai kartanegara,Batu Tronjolan,Komersial / Jual Beli,Kutai Kartanegara
1356,beli batu tronjolan sebulu,Batu Tronjolan,Komersial / Jual Beli,Sebulu
1357,beli batu tronjolan sanggulan,Batu Tronjolan,Komersial / Jual Beli,Sanggulan
1358,beli batu tronjolan dusun jambe,Batu Tronjolan,Komersial / Jual Beli,Dusun Jambe
1359,beli batu tronjolan sp sebulu,Batu Tronjolan,Komersial / Jual Beli,Sp Sebulu
1360,beli batu tronjolan muara kaman,Batu Tronjolan,Komersial / Jual Beli,Muara Kaman
1361,beli batu tronjolan sp muara kaman,Batu Tronjolan,Komersial / Jual Beli,Sp Muara Kaman
1362,beli batu tronjolan separi,Batu Tronjolan,Komersial / Jual Beli,Separi
1363,beli batu tronjolan l1,Batu Tronjolan,Komersial / Jual Beli,L1
1364,beli batu tronjolan l2,Batu Tronjolan,Komersial / Jual Beli,L2
1365,beli batu tronjolan l3,Batu Tronjolan,Komersial / Jual Beli,L3
1366,beli batu tronjolan tenggarong seberang,Batu Tronjolan,Komersial / Jual Beli,Tenggarong Seberang
1367,beli batu tronjolan loa kulu,Batu Tronjolan,Komersial / Jual Beli,Loa Kulu
1368,beli batu tronjolan loa janan,Batu Tronjolan,Komersial / Jual Beli,Loa Janan
1369,beli batu tronjolan loa duri,Batu Tronjolan,Komersial / Jual Beli,Loa Duri
1370,beli batu tronjolan kota bangun,Batu Tronjolan,Komersial / Jual Beli,Kota Bangun
1371,beli batu tronjolan samboja,Batu Tronjolan,Komersial / Jual Beli,Samboja
1372,beli batu tronjolan muara jawa,Batu Tronjolan,Komersial / Jual Beli,Muara Jawa
1373,beli batu tronjolan sangasanga,Batu Tronjolan,Komersial / Jual Beli,Sangasanga
1374,beli batu tronjolan marangkayu,Batu Tronjolan,Komersial / Jual Beli,Marangkayu
1375,beli batu tronjolan anggana,Batu Tronjolan,Komersial / Jual Beli,Anggana
1376,beli batu tronjolan samarinda,Batu Tronjolan,Komersial / Jual Beli,Samarinda
1377,beli batu tronjolan samarinda seberang,Batu Tronjolan,Komersial / Jual Beli,Samarinda Seberang
1378,beli batu tronjolan palaran,Batu Tronjolan,Komersial / Jual Beli,Palaran
1379,beli batu tronjolan loa bakung,Batu Tronjolan,Komersial / Jual Beli,Loa Bakung
1380,beli batu tronjolan sungai kunjang,Batu Tronjolan,Komersial / Jual Beli,Sungai Kunjang
1381,beli batu tronjolan balikpapan,Batu Tronjolan,Komersial / Jual Beli,Balikpapan
1382,beli batu tronjolan kariangau,Batu Tronjolan,Komersial / Jual Beli,Kariangau
1383,beli batu tronjolan ikn,Batu Tronjolan,Komersial / Jual Beli,Ikn
1384,beli batu tronjolan ikn nusantara,Batu Tronjolan,Komersial / Jual Beli,Ikn Nusantara
1385,beli batu tronjolan sepaku,Batu Tronjolan,Komersial / Jual Beli,Sepaku
1386,beli batu tronjolan penajam,Batu Tronjolan,Komersial / Jual Beli,Penajam
1387,beli batu tronjolan kaltim,Batu Tronjolan,Komersial / Jual Beli,Kaltim
1388,beli batu tronjolan kalimantan timur,Batu Tronjolan,Komersial / Jual Beli,Kalimantan Timur
1389,beli batu rip rap tenggarong,Batu Tronjolan,Komersial / Jual Beli,Tenggarong
1390,beli batu rip rap kukar,Batu Tronjolan,Komersial / Jual Beli,Kukar
1391,beli batu rip rap kutai kartanegara,Batu Tronjolan,Komersial / Jual Beli,Kutai Kartanegara
1392,beli batu rip rap sebulu,Batu Tronjolan,Komersial / Jual Beli,Sebulu
1393,beli batu rip rap sanggulan,Batu Tronjolan,Komersial / Jual Beli,Sanggulan
1394,beli batu rip rap dusun jambe,Batu Tronjolan,Komersial / Jual Beli,Dusun Jambe
1395,beli batu rip rap sp sebulu,Batu Tronjolan,Komersial / Jual Beli,Sp Sebulu
1396,beli batu rip rap muara kaman,Batu Tronjolan,Komersial / Jual Beli,Muara Kaman
1397,beli batu rip rap sp muara kaman,Batu Tronjolan,Komersial / Jual Beli,Sp Muara Kaman
1398,beli batu rip rap separi,Batu Tronjolan,Komersial / Jual Beli,Separi
1399,beli batu rip rap l1,Batu Tronjolan,Komersial / Jual Beli,L1
1400,beli batu rip rap l2,Batu Tronjolan,Komersial / Jual Beli,L2
1401,beli batu rip rap l3,Batu Tronjolan,Komersial / Jual Beli,L3
1402,beli batu rip rap tenggarong seberang,Batu Tronjolan,Komersial / Jual Beli,Tenggarong Seberang
1403,beli batu rip rap loa kulu,Batu Tronjolan,Komersial / Jual Beli,Loa Kulu
1404,beli batu rip rap loa janan,Batu Tronjolan,Komersial / Jual Beli,Loa Janan
1405,beli batu rip rap loa duri,Batu Tronjolan,Komersial / Jual Beli,Loa Duri
1406,beli batu rip rap kota bangun,Batu Tronjolan,Komersial / Jual Beli,Kota Bangun
1407,beli batu rip rap samboja,Batu Tronjolan,Komersial / Jual Beli,Samboja
1408,beli batu rip rap muara jawa,Batu Tronjolan,Komersial / Jual Beli,Muara Jawa
1409,beli batu rip rap sangasanga,Batu Tronjolan,Komersial / Jual Beli,Sangasanga
1410,beli batu rip rap marangkayu,Batu Tronjolan,Komersial / Jual Beli,Marangkayu
1411,beli batu rip rap anggana,Batu Tronjolan,Komersial / Jual Beli,Anggana
1412,beli batu rip rap samarinda,Batu Tronjolan,Komersial / Jual Beli,Samarinda
1413,beli batu rip rap samarinda seberang,Batu Tronjolan,Komersial / Jual Beli,Samarinda Seberang
1414,beli batu rip rap palaran,Batu Tronjolan,Komersial / Jual Beli,Palaran
1415,beli batu rip rap loa bakung,Batu Tronjolan,Komersial / Jual Beli,Loa Bakung
1416,beli batu rip rap sungai kunjang,Batu Tronjolan,Komersial / Jual Beli,Sungai Kunjang
1417,beli batu rip rap balikpapan,Batu Tronjolan,Komersial / Jual Beli,Balikpapan
1418,beli batu rip rap kariangau,Batu Tronjolan,Komersial / Jual Beli,Kariangau
1419,beli batu rip rap ikn,Batu Tronjolan,Komersial / Jual Beli,Ikn
1420,beli batu rip rap ikn nusantara,Batu Tronjolan,Komersial / Jual Beli,Ikn Nusantara
1421,beli batu rip rap sepaku,Batu Tronjolan,Komersial / Jual Beli,Sepaku
1422,beli batu rip rap penajam,Batu Tronjolan,Komersial / Jual Beli,Penajam
1423,beli batu rip rap kaltim,Batu Tronjolan,Komersial / Jual Beli,Kaltim
1424,beli batu rip rap kalimantan timur,Batu Tronjolan,Komersial / Jual Beli,Kalimantan Timur
1425,beli batu boulder tenggarong,Batu Tronjolan,Komersial / Jual Beli,Tenggarong
1426,beli batu boulder kukar,Batu Tronjolan,Komersial / Jual Beli,Kukar
1427,beli batu boulder kutai kartanegara,Batu Tronjolan,Komersial / Jual Beli,Kutai Kartanegara
1428,beli batu boulder sebulu,Batu Tronjolan,Komersial / Jual Beli,Sebulu
1429,beli batu boulder sanggulan,Batu Tronjolan,Komersial / Jual Beli,Sanggulan
1430,beli batu boulder dusun jambe,Batu Tronjolan,Komersial / Jual Beli,Dusun Jambe
1431,beli batu boulder sp sebulu,Batu Tronjolan,Komersial / Jual Beli,Sp Sebulu
1432,beli batu boulder muara kaman,Batu Tronjolan,Komersial / Jual Beli,Muara Kaman
1433,beli batu boulder sp muara kaman,Batu Tronjolan,Komersial / Jual Beli,Sp Muara Kaman
1434,beli batu boulder separi,Batu Tronjolan,Komersial / Jual Beli,Separi
1435,beli batu boulder l1,Batu Tronjolan,Komersial / Jual Beli,L1
1436,beli batu boulder l2,Batu Tronjolan,Komersial / Jual Beli,L2
1437,beli batu boulder l3,Batu Tronjolan,Komersial / Jual Beli,L3
1438,beli batu boulder tenggarong seberang,Batu Tronjolan,Komersial / Jual Beli,Tenggarong Seberang
1439,beli batu boulder loa kulu,Batu Tronjolan,Komersial / Jual Beli,Loa Kulu
1440,beli batu boulder loa janan,Batu Tronjolan,Komersial / Jual Beli,Loa Janan
1441,beli batu boulder loa duri,Batu Tronjolan,Komersial / Jual Beli,Loa Duri
1442,beli batu boulder kota bangun,Batu Tronjolan,Komersial / Jual Beli,Kota Bangun
1443,beli batu boulder samboja,Batu Tronjolan,Komersial / Jual Beli,Samboja
1444,beli batu boulder muara jawa,Batu Tronjolan,Komersial / Jual Beli,Muara Jawa
1445,beli batu boulder sangasanga,Batu Tronjolan,Komersial / Jual Beli,Sangasanga
1446,beli batu boulder marangkayu,Batu Tronjolan,Komersial / Jual Beli,Marangkayu
1447,beli batu boulder anggana,Batu Tronjolan,Komersial / Jual Beli,Anggana
1448,beli batu boulder samarinda,Batu Tronjolan,Komersial / Jual Beli,Samarinda
1449,beli batu boulder samarinda seberang,Batu Tronjolan,Komersial / Jual Beli,Samarinda Seberang
1450,beli batu boulder palaran,Batu Tronjolan,Komersial / Jual Beli,Palaran
1451,beli batu boulder loa bakung,Batu Tronjolan,Komersial / Jual Beli,Loa Bakung
1452,beli batu boulder sungai kunjang,Batu Tronjolan,Komersial / Jual Beli,Sungai Kunjang
1453,beli batu boulder balikpapan,Batu Tronjolan,Komersial / Jual Beli,Balikpapan
1454,beli batu boulder kariangau,Batu Tronjolan,Komersial / Jual Beli,Kariangau
1455,beli batu boulder ikn,Batu Tronjolan,Komersial / Jual Beli,Ikn
1456,beli batu boulder ikn nusantara,Batu Tronjolan,Komersial / Jual Beli,Ikn Nusantara
1457,beli batu boulder sepaku,Batu Tronjolan,Komersial / Jual Beli,Sepaku
1458,beli batu boulder penajam,Batu Tronjolan,Komersial / Jual Beli,Penajam
1459,beli batu boulder kaltim,Batu Tronjolan,Komersial / Jual Beli,Kaltim
1460,beli batu boulder kalimantan timur,Batu Tronjolan,Komersial / Jual Beli,Kalimantan Timur
1461,pesan batu split tenggarong,Batu Split,Komersial / Jual Beli,Tenggarong
1462,pesan batu split kukar,Batu Split,Komersial / Jual Beli,Kukar
1463,pesan batu split kutai kartanegara,Batu Split,Komersial / Jual Beli,Kutai Kartanegara
1464,pesan batu split sebulu,Batu Split,Komersial / Jual Beli,Sebulu
1465,pesan batu split sanggulan,Batu Split,Komersial / Jual Beli,Sanggulan
1466,pesan batu split dusun jambe,Batu Split,Komersial / Jual Beli,Dusun Jambe
1467,pesan batu split sp sebulu,Batu Split,Komersial / Jual Beli,Sp Sebulu
1468,pesan batu split muara kaman,Batu Split,Komersial / Jual Beli,Muara Kaman
1469,pesan batu split sp muara kaman,Batu Split,Komersial / Jual Beli,Sp Muara Kaman
1470,pesan batu split separi,Batu Split,Komersial / Jual Beli,Separi
1471,pesan batu split l1,Batu Split,Komersial / Jual Beli,L1
1472,pesan batu split l2,Batu Split,Komersial / Jual Beli,L2
1473,pesan batu split l3,Batu Split,Komersial / Jual Beli,L3
1474,pesan batu split tenggarong seberang,Batu Split,Komersial / Jual Beli,Tenggarong Seberang
1475,pesan batu split loa kulu,Batu Split,Komersial / Jual Beli,Loa Kulu
1476,pesan batu split loa janan,Batu Split,Komersial / Jual Beli,Loa Janan
1477,pesan batu split loa duri,Batu Split,Komersial / Jual Beli,Loa Duri
1478,pesan batu split kota bangun,Batu Split,Komersial / Jual Beli,Kota Bangun
1479,pesan batu split samboja,Batu Split,Komersial / Jual Beli,Samboja
1480,pesan batu split muara jawa,Batu Split,Komersial / Jual Beli,Muara Jawa
1481,pesan batu split sangasanga,Batu Split,Komersial / Jual Beli,Sangasanga
1482,pesan batu split marangkayu,Batu Split,Komersial / Jual Beli,Marangkayu
1483,pesan batu split anggana,Batu Split,Komersial / Jual Beli,Anggana
1484,pesan batu split samarinda,Batu Split,Komersial / Jual Beli,Samarinda
1485,pesan batu split samarinda seberang,Batu Split,Komersial / Jual Beli,Samarinda Seberang
1486,pesan batu split palaran,Batu Split,Komersial / Jual Beli,Palaran
1487,pesan batu split loa bakung,Batu Split,Komersial / Jual Beli,Loa Bakung
1488,pesan batu split sungai kunjang,Batu Split,Komersial / Jual Beli,Sungai Kunjang
1489,pesan batu split balikpapan,Batu Split,Komersial / Jual Beli,Balikpapan
1490,pesan batu split kariangau,Batu Split,Komersial / Jual Beli,Kariangau
1491,pesan batu split ikn,Batu Split,Komersial / Jual Beli,Ikn
1492,pesan batu split ikn nusantara,Batu Split,Komersial / Jual Beli,Ikn Nusantara
1493,pesan batu split sepaku,Batu Split,Komersial / Jual Beli,Sepaku
1494,pesan batu split penajam,Batu Split,Komersial / Jual Beli,Penajam
1495,pesan batu split kaltim,Batu Split,Komersial / Jual Beli,Kaltim
1496,pesan batu split kalimantan timur,Batu Split,Komersial / Jual Beli,Kalimantan Timur
1497,pesan batu split 1-2 tenggarong,Batu Split 1-2,Komersial / Jual Beli,Tenggarong
1498,pesan batu split 1-2 kukar,Batu Split 1-2,Komersial / Jual Beli,Kukar
1499,pesan batu split 1-2 kutai kartanegara,Batu Split 1-2,Komersial / Jual Beli,Kutai Kartanegara
1500,pesan batu split 1-2 sebulu,Batu Split 1-2,Komersial / Jual Beli,Sebulu
1501,pesan batu split 1-2 sanggulan,Batu Split 1-2,Komersial / Jual Beli,Sanggulan
1502,pesan batu split 1-2 dusun jambe,Batu Split 1-2,Komersial / Jual Beli,Dusun Jambe
1503,pesan batu split 1-2 sp sebulu,Batu Split 1-2,Komersial / Jual Beli,Sp Sebulu
1504,pesan batu split 1-2 muara kaman,Batu Split 1-2,Komersial / Jual Beli,Muara Kaman
1505,pesan batu split 1-2 sp muara kaman,Batu Split 1-2,Komersial / Jual Beli,Sp Muara Kaman
1506,pesan batu split 1-2 separi,Batu Split 1-2,Komersial / Jual Beli,Separi
1507,pesan batu split 1-2 l1,Batu Split 1-2,Komersial / Jual Beli,L1
1508,pesan batu split 1-2 l2,Batu Split 1-2,Komersial / Jual Beli,L2
1509,pesan batu split 1-2 l3,Batu Split 1-2,Komersial / Jual Beli,L3
1510,pesan batu split 1-2 tenggarong seberang,Batu Split 1-2,Komersial / Jual Beli,Tenggarong Seberang
1511,pesan batu split 1-2 loa kulu,Batu Split 1-2,Komersial / Jual Beli,Loa Kulu
1512,pesan batu split 1-2 loa janan,Batu Split 1-2,Komersial / Jual Beli,Loa Janan
1513,pesan batu split 1-2 loa duri,Batu Split 1-2,Komersial / Jual Beli,Loa Duri
1514,pesan batu split 1-2 kota bangun,Batu Split 1-2,Komersial / Jual Beli,Kota Bangun
1515,pesan batu split 1-2 samboja,Batu Split 1-2,Komersial / Jual Beli,Samboja
1516,pesan batu split 1-2 muara jawa,Batu Split 1-2,Komersial / Jual Beli,Muara Jawa
1517,pesan batu split 1-2 sangasanga,Batu Split 1-2,Komersial / Jual Beli,Sangasanga
1518,pesan batu split 1-2 marangkayu,Batu Split 1-2,Komersial / Jual Beli,Marangkayu
1519,pesan batu split 1-2 anggana,Batu Split 1-2,Komersial / Jual Beli,Anggana
1520,pesan batu split 1-2 samarinda,Batu Split 1-2,Komersial / Jual Beli,Samarinda
1521,pesan batu split 1-2 samarinda seberang,Batu Split 1-2,Komersial / Jual Beli,Samarinda Seberang
1522,pesan batu split 1-2 palaran,Batu Split 1-2,Komersial / Jual Beli,Palaran
1523,pesan batu split 1-2 loa bakung,Batu Split 1-2,Komersial / Jual Beli,Loa Bakung
1524,pesan batu split 1-2 sungai kunjang,Batu Split 1-2,Komersial / Jual Beli,Sungai Kunjang
1525,pesan batu split 1-2 balikpapan,Batu Split 1-2,Komersial / Jual Beli,Balikpapan
1526,pesan batu split 1-2 kariangau,Batu Split 1-2,Komersial / Jual Beli,Kariangau
1527,pesan batu split 1-2 ikn,Batu Split 1-2,Komersial / Jual Beli,Ikn
1528,pesan batu split 1-2 ikn nusantara,Batu Split 1-2,Komersial / Jual Beli,Ikn Nusantara
1529,pesan batu split 1-2 sepaku,Batu Split 1-2,Komersial / Jual Beli,Sepaku
1530,pesan batu split 1-2 penajam,Batu Split 1-2,Komersial / Jual Beli,Penajam
1531,pesan batu split 1-2 kaltim,Batu Split 1-2,Komersial / Jual Beli,Kaltim
1532,pesan batu split 1-2 kalimantan timur,Batu Split 1-2,Komersial / Jual Beli,Kalimantan Timur
1533,pesan batu split 2-3 tenggarong,Batu Split 2-3,Komersial / Jual Beli,Tenggarong
1534,pesan batu split 2-3 kukar,Batu Split 2-3,Komersial / Jual Beli,Kukar
1535,pesan batu split 2-3 kutai kartanegara,Batu Split 2-3,Komersial / Jual Beli,Kutai Kartanegara
1536,pesan batu split 2-3 sebulu,Batu Split 2-3,Komersial / Jual Beli,Sebulu
1537,pesan batu split 2-3 sanggulan,Batu Split 2-3,Komersial / Jual Beli,Sanggulan
1538,pesan batu split 2-3 dusun jambe,Batu Split 2-3,Komersial / Jual Beli,Dusun Jambe
1539,pesan batu split 2-3 sp sebulu,Batu Split 2-3,Komersial / Jual Beli,Sp Sebulu
1540,pesan batu split 2-3 muara kaman,Batu Split 2-3,Komersial / Jual Beli,Muara Kaman
1541,pesan batu split 2-3 sp muara kaman,Batu Split 2-3,Komersial / Jual Beli,Sp Muara Kaman
1542,pesan batu split 2-3 separi,Batu Split 2-3,Komersial / Jual Beli,Separi
1543,pesan batu split 2-3 l1,Batu Split 2-3,Komersial / Jual Beli,L1
1544,pesan batu split 2-3 l2,Batu Split 2-3,Komersial / Jual Beli,L2
1545,pesan batu split 2-3 l3,Batu Split 2-3,Komersial / Jual Beli,L3
1546,pesan batu split 2-3 tenggarong seberang,Batu Split 2-3,Komersial / Jual Beli,Tenggarong Seberang
1547,pesan batu split 2-3 loa kulu,Batu Split 2-3,Komersial / Jual Beli,Loa Kulu
1548,pesan batu split 2-3 loa janan,Batu Split 2-3,Komersial / Jual Beli,Loa Janan
1549,pesan batu split 2-3 loa duri,Batu Split 2-3,Komersial / Jual Beli,Loa Duri
1550,pesan batu split 2-3 kota bangun,Batu Split 2-3,Komersial / Jual Beli,Kota Bangun
1551,pesan batu split 2-3 samboja,Batu Split 2-3,Komersial / Jual Beli,Samboja
1552,pesan batu split 2-3 muara jawa,Batu Split 2-3,Komersial / Jual Beli,Muara Jawa
1553,pesan batu split 2-3 sangasanga,Batu Split 2-3,Komersial / Jual Beli,Sangasanga
1554,pesan batu split 2-3 marangkayu,Batu Split 2-3,Komersial / Jual Beli,Marangkayu
1555,pesan batu split 2-3 anggana,Batu Split 2-3,Komersial / Jual Beli,Anggana
1556,pesan batu split 2-3 samarinda,Batu Split 2-3,Komersial / Jual Beli,Samarinda
1557,pesan batu split 2-3 samarinda seberang,Batu Split 2-3,Komersial / Jual Beli,Samarinda Seberang
1558,pesan batu split 2-3 palaran,Batu Split 2-3,Komersial / Jual Beli,Palaran
1559,pesan batu split 2-3 loa bakung,Batu Split 2-3,Komersial / Jual Beli,Loa Bakung
1560,pesan batu split 2-3 sungai kunjang,Batu Split 2-3,Komersial / Jual Beli,Sungai Kunjang
1561,pesan batu split 2-3 balikpapan,Batu Split 2-3,Komersial / Jual Beli,Balikpapan
1562,pesan batu split 2-3 kariangau,Batu Split 2-3,Komersial / Jual Beli,Kariangau
1563,pesan batu split 2-3 ikn,Batu Split 2-3,Komersial / Jual Beli,Ikn
1564,pesan batu split 2-3 ikn nusantara,Batu Split 2-3,Komersial / Jual Beli,Ikn Nusantara
1565,pesan batu split 2-3 sepaku,Batu Split 2-3,Komersial / Jual Beli,Sepaku
1566,pesan batu split 2-3 penajam,Batu Split 2-3,Komersial / Jual Beli,Penajam
1567,pesan batu split 2-3 kaltim,Batu Split 2-3,Komersial / Jual Beli,Kaltim
1568,pesan batu split 2-3 kalimantan timur,Batu Split 2-3,Komersial / Jual Beli,Kalimantan Timur
1569,pesan batu split 1-1 tenggarong,Batu Split 1-1,Komersial / Jual Beli,Tenggarong
1570,pesan batu split 1-1 kukar,Batu Split 1-1,Komersial / Jual Beli,Kukar
1571,pesan batu split 1-1 kutai kartanegara,Batu Split 1-1,Komersial / Jual Beli,Kutai Kartanegara
1572,pesan batu split 1-1 sebulu,Batu Split 1-1,Komersial / Jual Beli,Sebulu
1573,pesan batu split 1-1 sanggulan,Batu Split 1-1,Komersial / Jual Beli,Sanggulan
1574,pesan batu split 1-1 dusun jambe,Batu Split 1-1,Komersial / Jual Beli,Dusun Jambe
1575,pesan batu split 1-1 sp sebulu,Batu Split 1-1,Komersial / Jual Beli,Sp Sebulu
1576,pesan batu split 1-1 muara kaman,Batu Split 1-1,Komersial / Jual Beli,Muara Kaman
1577,pesan batu split 1-1 sp muara kaman,Batu Split 1-1,Komersial / Jual Beli,Sp Muara Kaman
1578,pesan batu split 1-1 separi,Batu Split 1-1,Komersial / Jual Beli,Separi
1579,pesan batu split 1-1 l1,Batu Split 1-1,Komersial / Jual Beli,L1
1580,pesan batu split 1-1 l2,Batu Split 1-1,Komersial / Jual Beli,L2
1581,pesan batu split 1-1 l3,Batu Split 1-1,Komersial / Jual Beli,L3
1582,pesan batu split 1-1 tenggarong seberang,Batu Split 1-1,Komersial / Jual Beli,Tenggarong Seberang
1583,pesan batu split 1-1 loa kulu,Batu Split 1-1,Komersial / Jual Beli,Loa Kulu
1584,pesan batu split 1-1 loa janan,Batu Split 1-1,Komersial / Jual Beli,Loa Janan
1585,pesan batu split 1-1 loa duri,Batu Split 1-1,Komersial / Jual Beli,Loa Duri
1586,pesan batu split 1-1 kota bangun,Batu Split 1-1,Komersial / Jual Beli,Kota Bangun
1587,pesan batu split 1-1 samboja,Batu Split 1-1,Komersial / Jual Beli,Samboja
1588,pesan batu split 1-1 muara jawa,Batu Split 1-1,Komersial / Jual Beli,Muara Jawa
1589,pesan batu split 1-1 sangasanga,Batu Split 1-1,Komersial / Jual Beli,Sangasanga
1590,pesan batu split 1-1 marangkayu,Batu Split 1-1,Komersial / Jual Beli,Marangkayu
1591,pesan batu split 1-1 anggana,Batu Split 1-1,Komersial / Jual Beli,Anggana
1592,pesan batu split 1-1 samarinda,Batu Split 1-1,Komersial / Jual Beli,Samarinda
1593,pesan batu split 1-1 samarinda seberang,Batu Split 1-1,Komersial / Jual Beli,Samarinda Seberang
1594,pesan batu split 1-1 palaran,Batu Split 1-1,Komersial / Jual Beli,Palaran
1595,pesan batu split 1-1 loa bakung,Batu Split 1-1,Komersial / Jual Beli,Loa Bakung
1596,pesan batu split 1-1 sungai kunjang,Batu Split 1-1,Komersial / Jual Beli,Sungai Kunjang
1597,pesan batu split 1-1 balikpapan,Batu Split 1-1,Komersial / Jual Beli,Balikpapan
1598,pesan batu split 1-1 kariangau,Batu Split 1-1,Komersial / Jual Beli,Kariangau
1599,pesan batu split 1-1 ikn,Batu Split 1-1,Komersial / Jual Beli,Ikn
1600,pesan batu split 1-1 ikn nusantara,Batu Split 1-1,Komersial / Jual Beli,Ikn Nusantara
1601,pesan batu split 1-1 sepaku,Batu Split 1-1,Komersial / Jual Beli,Sepaku
1602,pesan batu split 1-1 penajam,Batu Split 1-1,Komersial / Jual Beli,Penajam
1603,pesan batu split 1-1 kaltim,Batu Split 1-1,Komersial / Jual Beli,Kaltim
1604,pesan batu split 1-1 kalimantan timur,Batu Split 1-1,Komersial / Jual Beli,Kalimantan Timur
1605,pesan batu split 3-5 tenggarong,Batu Split 3-5,Komersial / Jual Beli,Tenggarong
1606,pesan batu split 3-5 kukar,Batu Split 3-5,Komersial / Jual Beli,Kukar
1607,pesan batu split 3-5 kutai kartanegara,Batu Split 3-5,Komersial / Jual Beli,Kutai Kartanegara
1608,pesan batu split 3-5 sebulu,Batu Split 3-5,Komersial / Jual Beli,Sebulu
1609,pesan batu split 3-5 sanggulan,Batu Split 3-5,Komersial / Jual Beli,Sanggulan
1610,pesan batu split 3-5 dusun jambe,Batu Split 3-5,Komersial / Jual Beli,Dusun Jambe
1611,pesan batu split 3-5 sp sebulu,Batu Split 3-5,Komersial / Jual Beli,Sp Sebulu
1612,pesan batu split 3-5 muara kaman,Batu Split 3-5,Komersial / Jual Beli,Muara Kaman
1613,pesan batu split 3-5 sp muara kaman,Batu Split 3-5,Komersial / Jual Beli,Sp Muara Kaman
1614,pesan batu split 3-5 separi,Batu Split 3-5,Komersial / Jual Beli,Separi
1615,pesan batu split 3-5 l1,Batu Split 3-5,Komersial / Jual Beli,L1
1616,pesan batu split 3-5 l2,Batu Split 3-5,Komersial / Jual Beli,L2
1617,pesan batu split 3-5 l3,Batu Split 3-5,Komersial / Jual Beli,L3
1618,pesan batu split 3-5 tenggarong seberang,Batu Split 3-5,Komersial / Jual Beli,Tenggarong Seberang
1619,pesan batu split 3-5 loa kulu,Batu Split 3-5,Komersial / Jual Beli,Loa Kulu
1620,pesan batu split 3-5 loa janan,Batu Split 3-5,Komersial / Jual Beli,Loa Janan
1621,pesan batu split 3-5 loa duri,Batu Split 3-5,Komersial / Jual Beli,Loa Duri
1622,pesan batu split 3-5 kota bangun,Batu Split 3-5,Komersial / Jual Beli,Kota Bangun
1623,pesan batu split 3-5 samboja,Batu Split 3-5,Komersial / Jual Beli,Samboja
1624,pesan batu split 3-5 muara jawa,Batu Split 3-5,Komersial / Jual Beli,Muara Jawa
1625,pesan batu split 3-5 sangasanga,Batu Split 3-5,Komersial / Jual Beli,Sangasanga
1626,pesan batu split 3-5 marangkayu,Batu Split 3-5,Komersial / Jual Beli,Marangkayu
1627,pesan batu split 3-5 anggana,Batu Split 3-5,Komersial / Jual Beli,Anggana
1628,pesan batu split 3-5 samarinda,Batu Split 3-5,Komersial / Jual Beli,Samarinda
1629,pesan batu split 3-5 samarinda seberang,Batu Split 3-5,Komersial / Jual Beli,Samarinda Seberang
1630,pesan batu split 3-5 palaran,Batu Split 3-5,Komersial / Jual Beli,Palaran
1631,pesan batu split 3-5 loa bakung,Batu Split 3-5,Komersial / Jual Beli,Loa Bakung
1632,pesan batu split 3-5 sungai kunjang,Batu Split 3-5,Komersial / Jual Beli,Sungai Kunjang
1633,pesan batu split 3-5 balikpapan,Batu Split 3-5,Komersial / Jual Beli,Balikpapan
1634,pesan batu split 3-5 kariangau,Batu Split 3-5,Komersial / Jual Beli,Kariangau
1635,pesan batu split 3-5 ikn,Batu Split 3-5,Komersial / Jual Beli,Ikn
1636,pesan batu split 3-5 ikn nusantara,Batu Split 3-5,Komersial / Jual Beli,Ikn Nusantara
1637,pesan batu split 3-5 sepaku,Batu Split 3-5,Komersial / Jual Beli,Sepaku
1638,pesan batu split 3-5 penajam,Batu Split 3-5,Komersial / Jual Beli,Penajam
1639,pesan batu split 3-5 kaltim,Batu Split 3-5,Komersial / Jual Beli,Kaltim
1640,pesan batu split 3-5 kalimantan timur,Batu Split 3-5,Komersial / Jual Beli,Kalimantan Timur
1641,pesan batu split 5-7 tenggarong,Batu Split 5-7,Komersial / Jual Beli,Tenggarong
1642,pesan batu split 5-7 kukar,Batu Split 5-7,Komersial / Jual Beli,Kukar
1643,pesan batu split 5-7 kutai kartanegara,Batu Split 5-7,Komersial / Jual Beli,Kutai Kartanegara
1644,pesan batu split 5-7 sebulu,Batu Split 5-7,Komersial / Jual Beli,Sebulu
1645,pesan batu split 5-7 sanggulan,Batu Split 5-7,Komersial / Jual Beli,Sanggulan
1646,pesan batu split 5-7 dusun jambe,Batu Split 5-7,Komersial / Jual Beli,Dusun Jambe
1647,pesan batu split 5-7 sp sebulu,Batu Split 5-7,Komersial / Jual Beli,Sp Sebulu
1648,pesan batu split 5-7 muara kaman,Batu Split 5-7,Komersial / Jual Beli,Muara Kaman
1649,pesan batu split 5-7 sp muara kaman,Batu Split 5-7,Komersial / Jual Beli,Sp Muara Kaman
1650,pesan batu split 5-7 separi,Batu Split 5-7,Komersial / Jual Beli,Separi
1651,pesan batu split 5-7 l1,Batu Split 5-7,Komersial / Jual Beli,L1
1652,pesan batu split 5-7 l2,Batu Split 5-7,Komersial / Jual Beli,L2
1653,pesan batu split 5-7 l3,Batu Split 5-7,Komersial / Jual Beli,L3
1654,pesan batu split 5-7 tenggarong seberang,Batu Split 5-7,Komersial / Jual Beli,Tenggarong Seberang
1655,pesan batu split 5-7 loa kulu,Batu Split 5-7,Komersial / Jual Beli,Loa Kulu
1656,pesan batu split 5-7 loa janan,Batu Split 5-7,Komersial / Jual Beli,Loa Janan
1657,pesan batu split 5-7 loa duri,Batu Split 5-7,Komersial / Jual Beli,Loa Duri
1658,pesan batu split 5-7 kota bangun,Batu Split 5-7,Komersial / Jual Beli,Kota Bangun
1659,pesan batu split 5-7 samboja,Batu Split 5-7,Komersial / Jual Beli,Samboja
1660,pesan batu split 5-7 muara jawa,Batu Split 5-7,Komersial / Jual Beli,Muara Jawa
1661,pesan batu split 5-7 sangasanga,Batu Split 5-7,Komersial / Jual Beli,Sangasanga
1662,pesan batu split 5-7 marangkayu,Batu Split 5-7,Komersial / Jual Beli,Marangkayu
1663,pesan batu split 5-7 anggana,Batu Split 5-7,Komersial / Jual Beli,Anggana
1664,pesan batu split 5-7 samarinda,Batu Split 5-7,Komersial / Jual Beli,Samarinda
1665,pesan batu split 5-7 samarinda seberang,Batu Split 5-7,Komersial / Jual Beli,Samarinda Seberang
1666,pesan batu split 5-7 palaran,Batu Split 5-7,Komersial / Jual Beli,Palaran
1667,pesan batu split 5-7 loa bakung,Batu Split 5-7,Komersial / Jual Beli,Loa Bakung
1668,pesan batu split 5-7 sungai kunjang,Batu Split 5-7,Komersial / Jual Beli,Sungai Kunjang
1669,pesan batu split 5-7 balikpapan,Batu Split 5-7,Komersial / Jual Beli,Balikpapan
1670,pesan batu split 5-7 kariangau,Batu Split 5-7,Komersial / Jual Beli,Kariangau
1671,pesan batu split 5-7 ikn,Batu Split 5-7,Komersial / Jual Beli,Ikn
1672,pesan batu split 5-7 ikn nusantara,Batu Split 5-7,Komersial / Jual Beli,Ikn Nusantara
1673,pesan batu split 5-7 sepaku,Batu Split 5-7,Komersial / Jual Beli,Sepaku
1674,pesan batu split 5-7 penajam,Batu Split 5-7,Komersial / Jual Beli,Penajam
1675,pesan batu split 5-7 kaltim,Batu Split 5-7,Komersial / Jual Beli,Kaltim
1676,pesan batu split 5-7 kalimantan timur,Batu Split 5-7,Komersial / Jual Beli,Kalimantan Timur
1677,pesan batu split 7-10 tenggarong,Batu Split 7-10,Komersial / Jual Beli,Tenggarong
1678,pesan batu split 7-10 kukar,Batu Split 7-10,Komersial / Jual Beli,Kukar
1679,pesan batu split 7-10 kutai kartanegara,Batu Split 7-10,Komersial / Jual Beli,Kutai Kartanegara
1680,pesan batu split 7-10 sebulu,Batu Split 7-10,Komersial / Jual Beli,Sebulu
1681,pesan batu split 7-10 sanggulan,Batu Split 7-10,Komersial / Jual Beli,Sanggulan
1682,pesan batu split 7-10 dusun jambe,Batu Split 7-10,Komersial / Jual Beli,Dusun Jambe
1683,pesan batu split 7-10 sp sebulu,Batu Split 7-10,Komersial / Jual Beli,Sp Sebulu
1684,pesan batu split 7-10 muara kaman,Batu Split 7-10,Komersial / Jual Beli,Muara Kaman
1685,pesan batu split 7-10 sp muara kaman,Batu Split 7-10,Komersial / Jual Beli,Sp Muara Kaman
1686,pesan batu split 7-10 separi,Batu Split 7-10,Komersial / Jual Beli,Separi
1687,pesan batu split 7-10 l1,Batu Split 7-10,Komersial / Jual Beli,L1
1688,pesan batu split 7-10 l2,Batu Split 7-10,Komersial / Jual Beli,L2
1689,pesan batu split 7-10 l3,Batu Split 7-10,Komersial / Jual Beli,L3
1690,pesan batu split 7-10 tenggarong seberang,Batu Split 7-10,Komersial / Jual Beli,Tenggarong Seberang
1691,pesan batu split 7-10 loa kulu,Batu Split 7-10,Komersial / Jual Beli,Loa Kulu
1692,pesan batu split 7-10 loa janan,Batu Split 7-10,Komersial / Jual Beli,Loa Janan
1693,pesan batu split 7-10 loa duri,Batu Split 7-10,Komersial / Jual Beli,Loa Duri
1694,pesan batu split 7-10 kota bangun,Batu Split 7-10,Komersial / Jual Beli,Kota Bangun
1695,pesan batu split 7-10 samboja,Batu Split 7-10,Komersial / Jual Beli,Samboja
1696,pesan batu split 7-10 muara jawa,Batu Split 7-10,Komersial / Jual Beli,Muara Jawa
1697,pesan batu split 7-10 sangasanga,Batu Split 7-10,Komersial / Jual Beli,Sangasanga
1698,pesan batu split 7-10 marangkayu,Batu Split 7-10,Komersial / Jual Beli,Marangkayu
1699,pesan batu split 7-10 anggana,Batu Split 7-10,Komersial / Jual Beli,Anggana
1700,pesan batu split 7-10 samarinda,Batu Split 7-10,Komersial / Jual Beli,Samarinda
1701,pesan batu split 7-10 samarinda seberang,Batu Split 7-10,Komersial / Jual Beli,Samarinda Seberang
1702,pesan batu split 7-10 palaran,Batu Split 7-10,Komersial / Jual Beli,Palaran
1703,pesan batu split 7-10 loa bakung,Batu Split 7-10,Komersial / Jual Beli,Loa Bakung
1704,pesan batu split 7-10 sungai kunjang,Batu Split 7-10,Komersial / Jual Beli,Sungai Kunjang
1705,pesan batu split 7-10 balikpapan,Batu Split 7-10,Komersial / Jual Beli,Balikpapan
1706,pesan batu split 7-10 kariangau,Batu Split 7-10,Komersial / Jual Beli,Kariangau
1707,pesan batu split 7-10 ikn,Batu Split 7-10,Komersial / Jual Beli,Ikn
1708,pesan batu split 7-10 ikn nusantara,Batu Split 7-10,Komersial / Jual Beli,Ikn Nusantara
1709,pesan batu split 7-10 sepaku,Batu Split 7-10,Komersial / Jual Beli,Sepaku
1710,pesan batu split 7-10 penajam,Batu Split 7-10,Komersial / Jual Beli,Penajam
1711,pesan batu split 7-10 kaltim,Batu Split 7-10,Komersial / Jual Beli,Kaltim
1712,pesan batu split 7-10 kalimantan timur,Batu Split 7-10,Komersial / Jual Beli,Kalimantan Timur
1713,pesan abu batu tenggarong,Abu Batu,Komersial / Jual Beli,Tenggarong
1714,pesan abu batu kukar,Abu Batu,Komersial / Jual Beli,Kukar
1715,pesan abu batu kutai kartanegara,Abu Batu,Komersial / Jual Beli,Kutai Kartanegara
1716,pesan abu batu sebulu,Abu Batu,Komersial / Jual Beli,Sebulu
1717,pesan abu batu sanggulan,Abu Batu,Komersial / Jual Beli,Sanggulan
1718,pesan abu batu dusun jambe,Abu Batu,Komersial / Jual Beli,Dusun Jambe
1719,pesan abu batu sp sebulu,Abu Batu,Komersial / Jual Beli,Sp Sebulu
1720,pesan abu batu muara kaman,Abu Batu,Komersial / Jual Beli,Muara Kaman
1721,pesan abu batu sp muara kaman,Abu Batu,Komersial / Jual Beli,Sp Muara Kaman
1722,pesan abu batu separi,Abu Batu,Komersial / Jual Beli,Separi
1723,pesan abu batu l1,Abu Batu,Komersial / Jual Beli,L1
1724,pesan abu batu l2,Abu Batu,Komersial / Jual Beli,L2
1725,pesan abu batu l3,Abu Batu,Komersial / Jual Beli,L3
1726,pesan abu batu tenggarong seberang,Abu Batu,Komersial / Jual Beli,Tenggarong Seberang
1727,pesan abu batu loa kulu,Abu Batu,Komersial / Jual Beli,Loa Kulu
1728,pesan abu batu loa janan,Abu Batu,Komersial / Jual Beli,Loa Janan
1729,pesan abu batu loa duri,Abu Batu,Komersial / Jual Beli,Loa Duri
1730,pesan abu batu kota bangun,Abu Batu,Komersial / Jual Beli,Kota Bangun
1731,pesan abu batu samboja,Abu Batu,Komersial / Jual Beli,Samboja
1732,pesan abu batu muara jawa,Abu Batu,Komersial / Jual Beli,Muara Jawa
1733,pesan abu batu sangasanga,Abu Batu,Komersial / Jual Beli,Sangasanga
1734,pesan abu batu marangkayu,Abu Batu,Komersial / Jual Beli,Marangkayu
1735,pesan abu batu anggana,Abu Batu,Komersial / Jual Beli,Anggana
1736,pesan abu batu samarinda,Abu Batu,Komersial / Jual Beli,Samarinda
1737,pesan abu batu samarinda seberang,Abu Batu,Komersial / Jual Beli,Samarinda Seberang
1738,pesan abu batu palaran,Abu Batu,Komersial / Jual Beli,Palaran
1739,pesan abu batu loa bakung,Abu Batu,Komersial / Jual Beli,Loa Bakung
1740,pesan abu batu sungai kunjang,Abu Batu,Komersial / Jual Beli,Sungai Kunjang
1741,pesan abu batu balikpapan,Abu Batu,Komersial / Jual Beli,Balikpapan
1742,pesan abu batu kariangau,Abu Batu,Komersial / Jual Beli,Kariangau
1743,pesan abu batu ikn,Abu Batu,Komersial / Jual Beli,Ikn
1744,pesan abu batu ikn nusantara,Abu Batu,Komersial / Jual Beli,Ikn Nusantara
1745,pesan abu batu sepaku,Abu Batu,Komersial / Jual Beli,Sepaku
1746,pesan abu batu penajam,Abu Batu,Komersial / Jual Beli,Penajam
1747,pesan abu batu kaltim,Abu Batu,Komersial / Jual Beli,Kaltim
1748,pesan abu batu kalimantan timur,Abu Batu,Komersial / Jual Beli,Kalimantan Timur
1749,pesan batu agregat tenggarong,Batu Agregat,Komersial / Jual Beli,Tenggarong
1750,pesan batu agregat kukar,Batu Agregat,Komersial / Jual Beli,Kukar
1751,pesan batu agregat kutai kartanegara,Batu Agregat,Komersial / Jual Beli,Kutai Kartanegara
1752,pesan batu agregat sebulu,Batu Agregat,Komersial / Jual Beli,Sebulu
1753,pesan batu agregat sanggulan,Batu Agregat,Komersial / Jual Beli,Sanggulan
1754,pesan batu agregat dusun jambe,Batu Agregat,Komersial / Jual Beli,Dusun Jambe
1755,pesan batu agregat sp sebulu,Batu Agregat,Komersial / Jual Beli,Sp Sebulu
1756,pesan batu agregat muara kaman,Batu Agregat,Komersial / Jual Beli,Muara Kaman
1757,pesan batu agregat sp muara kaman,Batu Agregat,Komersial / Jual Beli,Sp Muara Kaman
1758,pesan batu agregat separi,Batu Agregat,Komersial / Jual Beli,Separi
1759,pesan batu agregat l1,Batu Agregat,Komersial / Jual Beli,L1
1760,pesan batu agregat l2,Batu Agregat,Komersial / Jual Beli,L2
1761,pesan batu agregat l3,Batu Agregat,Komersial / Jual Beli,L3
1762,pesan batu agregat tenggarong seberang,Batu Agregat,Komersial / Jual Beli,Tenggarong Seberang
1763,pesan batu agregat loa kulu,Batu Agregat,Komersial / Jual Beli,Loa Kulu
1764,pesan batu agregat loa janan,Batu Agregat,Komersial / Jual Beli,Loa Janan
1765,pesan batu agregat loa duri,Batu Agregat,Komersial / Jual Beli,Loa Duri
1766,pesan batu agregat kota bangun,Batu Agregat,Komersial / Jual Beli,Kota Bangun
1767,pesan batu agregat samboja,Batu Agregat,Komersial / Jual Beli,Samboja
1768,pesan batu agregat muara jawa,Batu Agregat,Komersial / Jual Beli,Muara Jawa
1769,pesan batu agregat sangasanga,Batu Agregat,Komersial / Jual Beli,Sangasanga
1770,pesan batu agregat marangkayu,Batu Agregat,Komersial / Jual Beli,Marangkayu
1771,pesan batu agregat anggana,Batu Agregat,Komersial / Jual Beli,Anggana
1772,pesan batu agregat samarinda,Batu Agregat,Komersial / Jual Beli,Samarinda
1773,pesan batu agregat samarinda seberang,Batu Agregat,Komersial / Jual Beli,Samarinda Seberang
1774,pesan batu agregat palaran,Batu Agregat,Komersial / Jual Beli,Palaran
1775,pesan batu agregat loa bakung,Batu Agregat,Komersial / Jual Beli,Loa Bakung
1776,pesan batu agregat sungai kunjang,Batu Agregat,Komersial / Jual Beli,Sungai Kunjang
1777,pesan batu agregat balikpapan,Batu Agregat,Komersial / Jual Beli,Balikpapan
1778,pesan batu agregat kariangau,Batu Agregat,Komersial / Jual Beli,Kariangau
1779,pesan batu agregat ikn,Batu Agregat,Komersial / Jual Beli,Ikn
1780,pesan batu agregat ikn nusantara,Batu Agregat,Komersial / Jual Beli,Ikn Nusantara
1781,pesan batu agregat sepaku,Batu Agregat,Komersial / Jual Beli,Sepaku
1782,pesan batu agregat penajam,Batu Agregat,Komersial / Jual Beli,Penajam
1783,pesan batu agregat kaltim,Batu Agregat,Komersial / Jual Beli,Kaltim
1784,pesan batu agregat kalimantan timur,Batu Agregat,Komersial / Jual Beli,Kalimantan Timur
1785,pesan agregat kelas a tenggarong,Agregat Kelas A,Komersial / Jual Beli,Tenggarong
1786,pesan agregat kelas a kukar,Agregat Kelas A,Komersial / Jual Beli,Kukar
1787,pesan agregat kelas a kutai kartanegara,Agregat Kelas A,Komersial / Jual Beli,Kutai Kartanegara
1788,pesan agregat kelas a sebulu,Agregat Kelas A,Komersial / Jual Beli,Sebulu
1789,pesan agregat kelas a sanggulan,Agregat Kelas A,Komersial / Jual Beli,Sanggulan
1790,pesan agregat kelas a dusun jambe,Agregat Kelas A,Komersial / Jual Beli,Dusun Jambe
1791,pesan agregat kelas a sp sebulu,Agregat Kelas A,Komersial / Jual Beli,Sp Sebulu
1792,pesan agregat kelas a muara kaman,Agregat Kelas A,Komersial / Jual Beli,Muara Kaman
1793,pesan agregat kelas a sp muara kaman,Agregat Kelas A,Komersial / Jual Beli,Sp Muara Kaman
1794,pesan agregat kelas a separi,Agregat Kelas A,Komersial / Jual Beli,Separi
1795,pesan agregat kelas a l1,Agregat Kelas A,Komersial / Jual Beli,L1
1796,pesan agregat kelas a l2,Agregat Kelas A,Komersial / Jual Beli,L2
1797,pesan agregat kelas a l3,Agregat Kelas A,Komersial / Jual Beli,L3
1798,pesan agregat kelas a tenggarong seberang,Agregat Kelas A,Komersial / Jual Beli,Tenggarong Seberang
1799,pesan agregat kelas a loa kulu,Agregat Kelas A,Komersial / Jual Beli,Loa Kulu
1800,pesan agregat kelas a loa janan,Agregat Kelas A,Komersial / Jual Beli,Loa Janan
1801,pesan agregat kelas a loa duri,Agregat Kelas A,Komersial / Jual Beli,Loa Duri
1802,pesan agregat kelas a kota bangun,Agregat Kelas A,Komersial / Jual Beli,Kota Bangun
1803,pesan agregat kelas a samboja,Agregat Kelas A,Komersial / Jual Beli,Samboja
1804,pesan agregat kelas a muara jawa,Agregat Kelas A,Komersial / Jual Beli,Muara Jawa
1805,pesan agregat kelas a sangasanga,Agregat Kelas A,Komersial / Jual Beli,Sangasanga
1806,pesan agregat kelas a marangkayu,Agregat Kelas A,Komersial / Jual Beli,Marangkayu
1807,pesan agregat kelas a anggana,Agregat Kelas A,Komersial / Jual Beli,Anggana
1808,pesan agregat kelas a samarinda,Agregat Kelas A,Komersial / Jual Beli,Samarinda
1809,pesan agregat kelas a samarinda seberang,Agregat Kelas A,Komersial / Jual Beli,Samarinda Seberang
1810,pesan agregat kelas a palaran,Agregat Kelas A,Komersial / Jual Beli,Palaran
1811,pesan agregat kelas a loa bakung,Agregat Kelas A,Komersial / Jual Beli,Loa Bakung
1812,pesan agregat kelas a sungai kunjang,Agregat Kelas A,Komersial / Jual Beli,Sungai Kunjang
1813,pesan agregat kelas a balikpapan,Agregat Kelas A,Komersial / Jual Beli,Balikpapan
1814,pesan agregat kelas a kariangau,Agregat Kelas A,Komersial / Jual Beli,Kariangau
1815,pesan agregat kelas a ikn,Agregat Kelas A,Komersial / Jual Beli,Ikn
1816,pesan agregat kelas a ikn nusantara,Agregat Kelas A,Komersial / Jual Beli,Ikn Nusantara
1817,pesan agregat kelas a sepaku,Agregat Kelas A,Komersial / Jual Beli,Sepaku
1818,pesan agregat kelas a penajam,Agregat Kelas A,Komersial / Jual Beli,Penajam
1819,pesan agregat kelas a kaltim,Agregat Kelas A,Komersial / Jual Beli,Kaltim
1820,pesan agregat kelas a kalimantan timur,Agregat Kelas A,Komersial / Jual Beli,Kalimantan Timur
1821,pesan agregat kelas b tenggarong,Agregat Kelas B,Komersial / Jual Beli,Tenggarong
1822,pesan agregat kelas b kukar,Agregat Kelas B,Komersial / Jual Beli,Kukar
1823,pesan agregat kelas b kutai kartanegara,Agregat Kelas B,Komersial / Jual Beli,Kutai Kartanegara
1824,pesan agregat kelas b sebulu,Agregat Kelas B,Komersial / Jual Beli,Sebulu
1825,pesan agregat kelas b sanggulan,Agregat Kelas B,Komersial / Jual Beli,Sanggulan
1826,pesan agregat kelas b dusun jambe,Agregat Kelas B,Komersial / Jual Beli,Dusun Jambe
1827,pesan agregat kelas b sp sebulu,Agregat Kelas B,Komersial / Jual Beli,Sp Sebulu
1828,pesan agregat kelas b muara kaman,Agregat Kelas B,Komersial / Jual Beli,Muara Kaman
1829,pesan agregat kelas b sp muara kaman,Agregat Kelas B,Komersial / Jual Beli,Sp Muara Kaman
1830,pesan agregat kelas b separi,Agregat Kelas B,Komersial / Jual Beli,Separi
1831,pesan agregat kelas b l1,Agregat Kelas B,Komersial / Jual Beli,L1
1832,pesan agregat kelas b l2,Agregat Kelas B,Komersial / Jual Beli,L2
1833,pesan agregat kelas b l3,Agregat Kelas B,Komersial / Jual Beli,L3
1834,pesan agregat kelas b tenggarong seberang,Agregat Kelas B,Komersial / Jual Beli,Tenggarong Seberang
1835,pesan agregat kelas b loa kulu,Agregat Kelas B,Komersial / Jual Beli,Loa Kulu
1836,pesan agregat kelas b loa janan,Agregat Kelas B,Komersial / Jual Beli,Loa Janan
1837,pesan agregat kelas b loa duri,Agregat Kelas B,Komersial / Jual Beli,Loa Duri
1838,pesan agregat kelas b kota bangun,Agregat Kelas B,Komersial / Jual Beli,Kota Bangun
1839,pesan agregat kelas b samboja,Agregat Kelas B,Komersial / Jual Beli,Samboja
1840,pesan agregat kelas b muara jawa,Agregat Kelas B,Komersial / Jual Beli,Muara Jawa
1841,pesan agregat kelas b sangasanga,Agregat Kelas B,Komersial / Jual Beli,Sangasanga
1842,pesan agregat kelas b marangkayu,Agregat Kelas B,Komersial / Jual Beli,Marangkayu
1843,pesan agregat kelas b anggana,Agregat Kelas B,Komersial / Jual Beli,Anggana
1844,pesan agregat kelas b samarinda,Agregat Kelas B,Komersial / Jual Beli,Samarinda
1845,pesan agregat kelas b samarinda seberang,Agregat Kelas B,Komersial / Jual Beli,Samarinda Seberang
1846,pesan agregat kelas b palaran,Agregat Kelas B,Komersial / Jual Beli,Palaran
1847,pesan agregat kelas b loa bakung,Agregat Kelas B,Komersial / Jual Beli,Loa Bakung
1848,pesan agregat kelas b sungai kunjang,Agregat Kelas B,Komersial / Jual Beli,Sungai Kunjang
1849,pesan agregat kelas b balikpapan,Agregat Kelas B,Komersial / Jual Beli,Balikpapan
1850,pesan agregat kelas b kariangau,Agregat Kelas B,Komersial / Jual Beli,Kariangau
1851,pesan agregat kelas b ikn,Agregat Kelas B,Komersial / Jual Beli,Ikn
1852,pesan agregat kelas b ikn nusantara,Agregat Kelas B,Komersial / Jual Beli,Ikn Nusantara
1853,pesan agregat kelas b sepaku,Agregat Kelas B,Komersial / Jual Beli,Sepaku
1854,pesan agregat kelas b penajam,Agregat Kelas B,Komersial / Jual Beli,Penajam
1855,pesan agregat kelas b kaltim,Agregat Kelas B,Komersial / Jual Beli,Kaltim
1856,pesan agregat kelas b kalimantan timur,Agregat Kelas B,Komersial / Jual Beli,Kalimantan Timur
1857,pesan agregat base course tenggarong,Base Course,Komersial / Jual Beli,Tenggarong
1858,pesan agregat base course kukar,Base Course,Komersial / Jual Beli,Kukar
1859,pesan agregat base course kutai kartanegara,Base Course,Komersial / Jual Beli,Kutai Kartanegara
1860,pesan agregat base course sebulu,Base Course,Komersial / Jual Beli,Sebulu
1861,pesan agregat base course sanggulan,Base Course,Komersial / Jual Beli,Sanggulan
1862,pesan agregat base course dusun jambe,Base Course,Komersial / Jual Beli,Dusun Jambe
1863,pesan agregat base course sp sebulu,Base Course,Komersial / Jual Beli,Sp Sebulu
1864,pesan agregat base course muara kaman,Base Course,Komersial / Jual Beli,Muara Kaman
1865,pesan agregat base course sp muara kaman,Base Course,Komersial / Jual Beli,Sp Muara Kaman
1866,pesan agregat base course separi,Base Course,Komersial / Jual Beli,Separi
1867,pesan agregat base course l1,Base Course,Komersial / Jual Beli,L1
1868,pesan agregat base course l2,Base Course,Komersial / Jual Beli,L2
1869,pesan agregat base course l3,Base Course,Komersial / Jual Beli,L3
1870,pesan agregat base course tenggarong seberang,Base Course,Komersial / Jual Beli,Tenggarong Seberang
1871,pesan agregat base course loa kulu,Base Course,Komersial / Jual Beli,Loa Kulu
1872,pesan agregat base course loa janan,Base Course,Komersial / Jual Beli,Loa Janan
1873,pesan agregat base course loa duri,Base Course,Komersial / Jual Beli,Loa Duri
1874,pesan agregat base course kota bangun,Base Course,Komersial / Jual Beli,Kota Bangun
1875,pesan agregat base course samboja,Base Course,Komersial / Jual Beli,Samboja
1876,pesan agregat base course muara jawa,Base Course,Komersial / Jual Beli,Muara Jawa
1877,pesan agregat base course sangasanga,Base Course,Komersial / Jual Beli,Sangasanga
1878,pesan agregat base course marangkayu,Base Course,Komersial / Jual Beli,Marangkayu
1879,pesan agregat base course anggana,Base Course,Komersial / Jual Beli,Anggana
1880,pesan agregat base course samarinda,Base Course,Komersial / Jual Beli,Samarinda
1881,pesan agregat base course samarinda seberang,Base Course,Komersial / Jual Beli,Samarinda Seberang
1882,pesan agregat base course palaran,Base Course,Komersial / Jual Beli,Palaran
1883,pesan agregat base course loa bakung,Base Course,Komersial / Jual Beli,Loa Bakung
1884,pesan agregat base course sungai kunjang,Base Course,Komersial / Jual Beli,Sungai Kunjang
1885,pesan agregat base course balikpapan,Base Course,Komersial / Jual Beli,Balikpapan
1886,pesan agregat base course kariangau,Base Course,Komersial / Jual Beli,Kariangau
1887,pesan agregat base course ikn,Base Course,Komersial / Jual Beli,Ikn
1888,pesan agregat base course ikn nusantara,Base Course,Komersial / Jual Beli,Ikn Nusantara
1889,pesan agregat base course sepaku,Base Course,Komersial / Jual Beli,Sepaku
1890,pesan agregat base course penajam,Base Course,Komersial / Jual Beli,Penajam
1891,pesan agregat base course kaltim,Base Course,Komersial / Jual Beli,Kaltim
1892,pesan agregat base course kalimantan timur,Base Course,Komersial / Jual Beli,Kalimantan Timur
1893,pesan batu screening tenggarong,Batu Screening,Komersial / Jual Beli,Tenggarong
1894,pesan batu screening kukar,Batu Screening,Komersial / Jual Beli,Kukar
1895,pesan batu screening kutai kartanegara,Batu Screening,Komersial / Jual Beli,Kutai Kartanegara
1896,pesan batu screening sebulu,Batu Screening,Komersial / Jual Beli,Sebulu
1897,pesan batu screening sanggulan,Batu Screening,Komersial / Jual Beli,Sanggulan
1898,pesan batu screening dusun jambe,Batu Screening,Komersial / Jual Beli,Dusun Jambe
1899,pesan batu screening sp sebulu,Batu Screening,Komersial / Jual Beli,Sp Sebulu
1900,pesan batu screening muara kaman,Batu Screening,Komersial / Jual Beli,Muara Kaman
1901,pesan batu screening sp muara kaman,Batu Screening,Komersial / Jual Beli,Sp Muara Kaman
1902,pesan batu screening separi,Batu Screening,Komersial / Jual Beli,Separi
1903,pesan batu screening l1,Batu Screening,Komersial / Jual Beli,L1
1904,pesan batu screening l2,Batu Screening,Komersial / Jual Beli,L2
1905,pesan batu screening l3,Batu Screening,Komersial / Jual Beli,L3
1906,pesan batu screening tenggarong seberang,Batu Screening,Komersial / Jual Beli,Tenggarong Seberang
1907,pesan batu screening loa kulu,Batu Screening,Komersial / Jual Beli,Loa Kulu
1908,pesan batu screening loa janan,Batu Screening,Komersial / Jual Beli,Loa Janan
1909,pesan batu screening loa duri,Batu Screening,Komersial / Jual Beli,Loa Duri
1910,pesan batu screening kota bangun,Batu Screening,Komersial / Jual Beli,Kota Bangun
1911,pesan batu screening samboja,Batu Screening,Komersial / Jual Beli,Samboja
1912,pesan batu screening muara jawa,Batu Screening,Komersial / Jual Beli,Muara Jawa
1913,pesan batu screening sangasanga,Batu Screening,Komersial / Jual Beli,Sangasanga
1914,pesan batu screening marangkayu,Batu Screening,Komersial / Jual Beli,Marangkayu
1915,pesan batu screening anggana,Batu Screening,Komersial / Jual Beli,Anggana
1916,pesan batu screening samarinda,Batu Screening,Komersial / Jual Beli,Samarinda
1917,pesan batu screening samarinda seberang,Batu Screening,Komersial / Jual Beli,Samarinda Seberang
1918,pesan batu screening palaran,Batu Screening,Komersial / Jual Beli,Palaran
1919,pesan batu screening loa bakung,Batu Screening,Komersial / Jual Beli,Loa Bakung
1920,pesan batu screening sungai kunjang,Batu Screening,Komersial / Jual Beli,Sungai Kunjang
1921,pesan batu screening balikpapan,Batu Screening,Komersial / Jual Beli,Balikpapan
1922,pesan batu screening kariangau,Batu Screening,Komersial / Jual Beli,Kariangau
1923,pesan batu screening ikn,Batu Screening,Komersial / Jual Beli,Ikn
1924,pesan batu screening ikn nusantara,Batu Screening,Komersial / Jual Beli,Ikn Nusantara
1925,pesan batu screening sepaku,Batu Screening,Komersial / Jual Beli,Sepaku
1926,pesan batu screening penajam,Batu Screening,Komersial / Jual Beli,Penajam
1927,pesan batu screening kaltim,Batu Screening,Komersial / Jual Beli,Kaltim
1928,pesan batu screening kalimantan timur,Batu Screening,Komersial / Jual Beli,Kalimantan Timur
1929,pesan batu pondasi tenggarong,Batu Pondasi,Komersial / Jual Beli,Tenggarong
1930,pesan batu pondasi kukar,Batu Pondasi,Komersial / Jual Beli,Kukar
1931,pesan batu pondasi kutai kartanegara,Batu Pondasi,Komersial / Jual Beli,Kutai Kartanegara
1932,pesan batu pondasi sebulu,Batu Pondasi,Komersial / Jual Beli,Sebulu
1933,pesan batu pondasi sanggulan,Batu Pondasi,Komersial / Jual Beli,Sanggulan
1934,pesan batu pondasi dusun jambe,Batu Pondasi,Komersial / Jual Beli,Dusun Jambe
1935,pesan batu pondasi sp sebulu,Batu Pondasi,Komersial / Jual Beli,Sp Sebulu
1936,pesan batu pondasi muara kaman,Batu Pondasi,Komersial / Jual Beli,Muara Kaman
1937,pesan batu pondasi sp muara kaman,Batu Pondasi,Komersial / Jual Beli,Sp Muara Kaman
1938,pesan batu pondasi separi,Batu Pondasi,Komersial / Jual Beli,Separi
1939,pesan batu pondasi l1,Batu Pondasi,Komersial / Jual Beli,L1
1940,pesan batu pondasi l2,Batu Pondasi,Komersial / Jual Beli,L2
1941,pesan batu pondasi l3,Batu Pondasi,Komersial / Jual Beli,L3
1942,pesan batu pondasi tenggarong seberang,Batu Pondasi,Komersial / Jual Beli,Tenggarong Seberang
1943,pesan batu pondasi loa kulu,Batu Pondasi,Komersial / Jual Beli,Loa Kulu
1944,pesan batu pondasi loa janan,Batu Pondasi,Komersial / Jual Beli,Loa Janan
1945,pesan batu pondasi loa duri,Batu Pondasi,Komersial / Jual Beli,Loa Duri
1946,pesan batu pondasi kota bangun,Batu Pondasi,Komersial / Jual Beli,Kota Bangun
1947,pesan batu pondasi samboja,Batu Pondasi,Komersial / Jual Beli,Samboja
1948,pesan batu pondasi muara jawa,Batu Pondasi,Komersial / Jual Beli,Muara Jawa
1949,pesan batu pondasi sangasanga,Batu Pondasi,Komersial / Jual Beli,Sangasanga
1950,pesan batu pondasi marangkayu,Batu Pondasi,Komersial / Jual Beli,Marangkayu
1951,pesan batu pondasi anggana,Batu Pondasi,Komersial / Jual Beli,Anggana
1952,pesan batu pondasi samarinda,Batu Pondasi,Komersial / Jual Beli,Samarinda
1953,pesan batu pondasi samarinda seberang,Batu Pondasi,Komersial / Jual Beli,Samarinda Seberang
1954,pesan batu pondasi palaran,Batu Pondasi,Komersial / Jual Beli,Palaran
1955,pesan batu pondasi loa bakung,Batu Pondasi,Komersial / Jual Beli,Loa Bakung
1956,pesan batu pondasi sungai kunjang,Batu Pondasi,Komersial / Jual Beli,Sungai Kunjang
1957,pesan batu pondasi balikpapan,Batu Pondasi,Komersial / Jual Beli,Balikpapan
1958,pesan batu pondasi kariangau,Batu Pondasi,Komersial / Jual Beli,Kariangau
1959,pesan batu pondasi ikn,Batu Pondasi,Komersial / Jual Beli,Ikn
1960,pesan batu pondasi ikn nusantara,Batu Pondasi,Komersial / Jual Beli,Ikn Nusantara
1961,pesan batu pondasi sepaku,Batu Pondasi,Komersial / Jual Beli,Sepaku
1962,pesan batu pondasi penajam,Batu Pondasi,Komersial / Jual Beli,Penajam
1963,pesan batu pondasi kaltim,Batu Pondasi,Komersial / Jual Beli,Kaltim
1964,pesan batu pondasi kalimantan timur,Batu Pondasi,Komersial / Jual Beli,Kalimantan Timur
1965,pesan batu belah gunung tenggarong,Batu Belah,Komersial / Jual Beli,Tenggarong
1966,pesan batu belah gunung kukar,Batu Belah,Komersial / Jual Beli,Kukar
1967,pesan batu belah gunung kutai kartanegara,Batu Belah,Komersial / Jual Beli,Kutai Kartanegara
1968,pesan batu belah gunung sebulu,Batu Belah,Komersial / Jual Beli,Sebulu
1969,pesan batu belah gunung sanggulan,Batu Belah,Komersial / Jual Beli,Sanggulan
1970,pesan batu belah gunung dusun jambe,Batu Belah,Komersial / Jual Beli,Dusun Jambe
1971,pesan batu belah gunung sp sebulu,Batu Belah,Komersial / Jual Beli,Sp Sebulu
1972,pesan batu belah gunung muara kaman,Batu Belah,Komersial / Jual Beli,Muara Kaman
1973,pesan batu belah gunung sp muara kaman,Batu Belah,Komersial / Jual Beli,Sp Muara Kaman
1974,pesan batu belah gunung separi,Batu Belah,Komersial / Jual Beli,Separi
1975,pesan batu belah gunung l1,Batu Belah,Komersial / Jual Beli,L1
1976,pesan batu belah gunung l2,Batu Belah,Komersial / Jual Beli,L2
1977,pesan batu belah gunung l3,Batu Belah,Komersial / Jual Beli,L3
1978,pesan batu belah gunung tenggarong seberang,Batu Belah,Komersial / Jual Beli,Tenggarong Seberang
1979,pesan batu belah gunung loa kulu,Batu Belah,Komersial / Jual Beli,Loa Kulu
1980,pesan batu belah gunung loa janan,Batu Belah,Komersial / Jual Beli,Loa Janan
1981,pesan batu belah gunung loa duri,Batu Belah,Komersial / Jual Beli,Loa Duri
1982,pesan batu belah gunung kota bangun,Batu Belah,Komersial / Jual Beli,Kota Bangun
1983,pesan batu belah gunung samboja,Batu Belah,Komersial / Jual Beli,Samboja
1984,pesan batu belah gunung muara jawa,Batu Belah,Komersial / Jual Beli,Muara Jawa
1985,pesan batu belah gunung sangasanga,Batu Belah,Komersial / Jual Beli,Sangasanga
1986,pesan batu belah gunung marangkayu,Batu Belah,Komersial / Jual Beli,Marangkayu
1987,pesan batu belah gunung anggana,Batu Belah,Komersial / Jual Beli,Anggana
1988,pesan batu belah gunung samarinda,Batu Belah,Komersial / Jual Beli,Samarinda
1989,pesan batu belah gunung samarinda seberang,Batu Belah,Komersial / Jual Beli,Samarinda Seberang
1990,pesan batu belah gunung palaran,Batu Belah,Komersial / Jual Beli,Palaran
1991,pesan batu belah gunung loa bakung,Batu Belah,Komersial / Jual Beli,Loa Bakung
1992,pesan batu belah gunung sungai kunjang,Batu Belah,Komersial / Jual Beli,Sungai Kunjang
1993,pesan batu belah gunung balikpapan,Batu Belah,Komersial / Jual Beli,Balikpapan
1994,pesan batu belah gunung kariangau,Batu Belah,Komersial / Jual Beli,Kariangau
1995,pesan batu belah gunung ikn,Batu Belah,Komersial / Jual Beli,Ikn
1996,pesan batu belah gunung ikn nusantara,Batu Belah,Komersial / Jual Beli,Ikn Nusantara
1997,pesan batu belah gunung sepaku,Batu Belah,Komersial / Jual Beli,Sepaku
1998,pesan batu belah gunung penajam,Batu Belah,Komersial / Jual Beli,Penajam
1999,pesan batu belah gunung kaltim,Batu Belah,Komersial / Jual Beli,Kaltim
2000,pesan batu belah gunung kalimantan timur,Batu Belah,Komersial / Jual Beli,Kalimantan Timur
